Chain;Week;Brand1_SVOL;Brand1_SVAL;Brand1_WSD;MeanTemp;WindChill;ShopNumber;Brand2_SVOL;Brand2_SVAL;Brand3_SVOL;Brand3_SVAL;Brand4_SVOL;Brand4_SVAL;GRP_Brand1;GRP_Brand2;GRP_Brand3;GRP_Brand4;Brand1_SBA;Brand2_SBA;Brand5_WSD;Promo_Brand1;Promo_Brand2;Promo_Brand4;Season_dni_pracy
Chain_1;Week_1;1157,7157;55,1023;100;5,857142857;2,50450724;75;764,155;35,7259;465,56;20,9281;89,295;5,0075;0;140,27;0;0;0,291713961;0,48354143;100;0;0;0;6
Chain_1;Week_2;1040,7028;50,2939;100;3,428571429;-0,803020557;75;842,7176;38,7737;516,2755;23,2012;94,575;5,3124;0;0;0;0;0,291713961;0,48354143;100;0;0;0;7
Chain_1;Week_3;851,5118;42,0238;100;0,428571429;-3,555553147;75;1157,5218;50,3398;493,1935;22,1627;99,39;5,5366;0;0;106,79;0;0,291713961;0,48354143;100;0;0;0;7
Chain_1;Week_4;802,1915;39,6259;100;-3,428571429;-8,613677335;75;1035,2901;43,9294;497,802;21,6978;134,505;7,3281;0;0;109,69;0;0,291713961;0,48354143;100;0;0;0;7
Chain_1;Week_5;864,8785;42,8053;100;-12,14285714;-18,13056577;75;686,3623;32,338;315,623;15,2868;142,38;7,7124;0;0;82,71;0;0,325448494;0,505599749;100;0;0;0;7
Chain_1;Week_6;957,035;47,2109;100;-8,714285714;-13,2028214;75;718,5472;33,9669;359,9205;17,2252;161,475;8,7285;0;0;88,99;0;0,338942308;0,514423077;100;0;0;0;7
Chain_1;Week_7;1005,3818;49,2169;100;-1,142857143;-5,219147745;75;666,8075;31,7275;419,2985;19,6651;178,985;9,06;0;0;73,04;0;0,338942308;0,514423077;100;0;0;0;7
Chain_1;Week_8;949,92;46,9472;100;4,857142857;0,668458644;75;711,1488;33,1423;396,209;18,4598;203,04;9,8593;0;0;152,33;0;0,338942308;0,514423077;100;0;0;0;7
Chain_1;Week_9;1392,5776;65,4185;100;5,285714286;1,792372405;74,42857143;697,68;32,3828;434,125;19,8786;292,565;11,9929;119,27;0;157,82;0;0,34069862;0,498092013;100;0;0;0;7
Chain_1;Week_10;1715,0186;79,0817;100;3,285714286;-0,06621014;74;748,4616;34,5006;424,0845;19,5103;255,6;10,7399;186,25;0;1,29;0;0,342015855;0,485843715;100;0;0;0;7
Chain_1;Week_11;1782,1344;81,9351;100;10,57142857;9,068998785;74;666,0958;31,1881;403,8735;18,5918;160,695;8,6495;175,43;0;0,48;0;0,342015855;0,485843715;100;0;0;0;7
Chain_1;Week_12;1775,9074;81,3678;100;13,42857143;12,03145854;74;650,0021;30,5843;490,54;22,1903;160,53;8,9004;186,88;0;151,84;0;0,342015855;0,485843715;100;0;0;0;7
Chain_1;Week_13;1641,359;75,4018;100;10,28571429;7,644374872;74;693,1305;32,3413;576,0695;25,6664;170,53;9,4604;213,31;0;180,6;0;0,340615699;0,486268086;100;0;0;0;7
Chain_1;Week_14;1175,8031;59,7079;100;7,285714286;4,689892247;74;775,4618;36,6262;773,638;34,2379;195,46;10,7827;304,01;0;150,1;0;0,332214765;0,488814318;100;0;0;0;6
Chain_1;Week_15;941,8204;45,9083;100;13,42857143;12,35271188;74;498,4853;23,7201;459,7845;20,9406;144,07;7,9262;302,08;0;164,32;0;0,332214765;0,488814318;100;0;0;0;6
Chain_1;Week_16;907,929;45,3547;100;13,57142857;12,69347323;74;695,5465;32,1874;564,5915;25,6062;160,845;8,9669;295,72;0;98,14;0;0,332214765;0,488814318;100;0;0;0;7
Chain_1;Week_17;1305,0638;66,8961;100;22;22,84619851;74;973,8342;44,1219;1306,5945;54,2984;198,955;11,0637;298,6;89,02;91,86;0;0,332214765;0,488814318;100;0;0;0;7
Chain_1;Week_18;1324,296;69,4006;100;24,57142857;26,08402957;74;819,7645;37,9447;1604,299;66,1692;200,145;11,0795;273,96;197,84;119,48;0;0,30755161;0,482760752;100;0;0;0;5
Chain_1;Week_19;1002,1222;53,5292;100;17,71428571;17,89100937;74;648,982;30,7364;1533,372;62,5169;186,175;10,3323;246,25;195,49;33,9;0;0,303441084;0,481751825;100;0;0;0;7
Chain_1;Week_20;987,1782;52,4777;100;16,71428571;16,38398915;74;1247,9595;53,1098;1721,402;69,0631;192,995;10,6201;275,46;196,32;187,36;0;0,303441084;0,481751825;100;0;0;0;7
Chain_1;Week_21;1382,6119;68,9492;100;23,85714286;24,99148106;74;757,1245;33,9346;1307,109;53,2113;183,685;10,1084;275,43;194,84;145,69;0;0,303441084;0,481751825;100;0;0;0;6
Chain_1;Week_22;1720,6934;82,3061;100;17,85714286;17,88389651;74,85714286;691,589;31,4449;842,3735;35,1747;196,615;10,8036;340,62;192,59;182,07;0;0,30322116;0,478954711;100;0;4;4;7
Chain_1;Week_23;2127,5534;102,0196;100;20,57142857;21,44923742;76;1422,271;59,0952;747,52;32,5134;209,045;11,4171;538,57;187,15;353,99;0;0,302927928;0,475225225;100;0;7;7;6
Chain_1;Week_24;1452,5374;72,9505;100;21,42857143;22,28428272;76;885,904;39,2883;498,8175;23,1482;193,62;10,6083;734,66;221,56;343,32;0;0,302927928;0,475225225;100;0;3;3;7
Chain_1;Week_25;1032,3306;54,6006;100;23,85714286;25,1608307;76;835,9765;38,4236;431,345;20,8386;187,34;10,3262;521,01;228,77;249,08;0;0,302927928;0,475225225;100;0;0;0;7
Chain_1;Week_26;1626,2498;79,9906;100;24,14285714;25,36985859;76;1002,567;45,1402;581,1515;29,3844;200,735;11,1046;462,93;186,17;170,62;0;0,304733229;0,47800298;100;0;0;0;7
Chain_1;Week_27;2006,4243;96,7115;100;29,85714286;32,35163957;76;1009,932;45,6611;640,2295;32,1428;213,82;11,7769;17,05;100,51;94,61;0;0,315565032;0,49466951;100;0;0;0;7
Chain_1;Week_28;1759,78;85,4181;100;24,42857143;25,86813332;76;1434,546;61,4892;513,3075;25,7545;201;11,1281;0;248,98;92,62;0;0,315565032;0,49466951;100;0;0;0;7
Chain_1;Week_29;1513,1903;74,0541;100;21,14285714;21,84973152;76;885,8195;39,4633;485,4625;24,839;180,05;9,9989;0;246,22;84,08;0;0,315565032;0,49466951;100;0;0;0;7
Chain_1;Week_30;1592,7457;78,7593;100;28,85714286;31,15577691;76;1477,7115;64,1346;560,854;29,6873;202,945;11,2328;416,66;203,94;76,1;0;0,315565032;0,49466951;100;0;0;0;7
Chain_1;Week_31;1366,0919;69,6685;100;28,28571429;30,47912477;77,42857143;1686,0485;72,7575;621,5195;34,064;198,99;10,9989;788,08;257,03;103,98;0;0,329547865;0,490729869;100;0;0;0;7
Chain_1;Week_32;1308,2684;66,3368;100;22,57142857;23,5811937;78;1767,5705;75,9722;712,496;38,7593;192,525;10,7062;892,67;265,47;0;0;0,335140998;0,489154013;100;0;0;0;7
Chain_1;Week_33;1190,9198;60,7085;100;21,28571429;22,12336279;78;1324,84;58,1003;760,0855;40,533;182,705;10,1165;0;255,87;92,41;0;0,335140998;0,489154013;100;0;0;0;6
Chain_1;Week_34;1161,9424;59,7298;100;26,57142857;28,49493007;78;1038,788;46,9244;722,418;38,1704;168,56;9,3523;0;216,66;90,93;0;0,335140998;0,489154013;100;0;0;0;7
Chain_1;Week_35;1237,194;61,6482;100;22,42857143;23,49546732;78;1067,692;48,7398;601,886;32,46;185,72;10,2979;0;197,23;40,56;0;0,330194843;0,495891531;100;0;0;0;7
Chain_1;Week_36;1489,2253;71,4406;100;20,57142857;21,30384874;78;794,785;37,1002;498,6855;27,0151;177,215;9,8212;0;0,2;100,93;0;0,317829457;0,512735327;100;0;0;0;7
Chain_1;Week_37;1442,8704;69,2286;100;20;20,4602042;78;993,828;44,8641;439,6175;24,1494;170,26;9,4128;0;238,53;88,33;0;0,317829457;0,512735327;100;0;0;0;7
Chain_1;Week_38;1322,7858;63,5946;100;17,57142857;17,5921811;78;993,5105;44,24;399,8395;21,6691;160,185;8,8827;16,65;195,68;70,17;0;0,317829457;0,512735327;100;0;0;0;7
Chain_1;Week_39;1395,518;67,1475;100;20;20,5663895;78;1002,2083;44,6744;393,7155;21,3392;162,595;9,0069;0;0;98,1;0;0,317829457;0,512735327;100;0;0;0;7
Chain_1;Week_40;1246,8443;59,3902;100;16,85714286;16,6094549;78;626,7595;29,6716;421,1955;22,3778;159,41;8,8245;0;275,3;0,24;0;0,29753915;0,497762864;100;0;0;0;7
Chain_1;Week_41;1204,3455;57,8062;100;12,14285714;10,73376988;78;743,0045;33,9062;363,5395;19,1268;154,08;8,5421;0;286,73;100,2;0;0,29753915;0,497762864;100;0;0;0;7
Chain_1;Week_42;860,6236;44,611;100;16;15,84995634;78;624,2235;29,4586;359,7885;19,0982;159,25;8,7956;0;260,61;66,18;0;0,29753915;0,497762864;100;0;0;0;7
Chain_1;Week_43;875,3232;45,5464;100;7,285714286;5,124253428;78;542,6255;26,4448;347,313;18,2509;194,9862;10,6127;0;239,86;103,28;0;0,29753915;0,497762864;100;0;0;0;7
Chain_1;Week_44;1139,4155;57,1691;100;7,428571429;5,450894071;78;614,3555;30,2432;391,9455;20,488;210,6506;11,517;0;86,69;0;0;0,331891351;0,503825916;100;0;0;0;6
Chain_1;Week_45;902,6091;46,5069;100;9;6,454259993;78;745,1545;35,7705;366,158;19,1955;207,2112;11,3248;75,08;175,92;0;0;0,357655502;0,508373206;100;0;0;0;6
Chain_1;Week_46;1068,7256;53,7588;100;4,571428571;2,309292738;78;610,938;30,1547;369,4005;19,1713;218,7508;11,869;133,36;183,1;0;0;0,357655502;0,508373206;100;0;0;0;7
Chain_1;Week_47;901,4678;46,2905;100;7;5,318221802;78;641,8755;31,5668;402,062;20,0751;202,808;11,0641;188,39;187,89;0;0;0,357655502;0,508373206;100;0;0;0;7
Chain_1;Week_48;996,0075;50,2038;100;6,142857143;4,372165063;78,28571429;931,9705;43,1856;405,391;20,0625;201,239;11,0311;192,35;152,04;0;0;0,347806791;0,49995878;100;0;0;0;7
Chain_1;Week_49;912,472;47,0038;100;-2,714285714;-6,473935991;79;752,7765;36,6984;347,464;17,6977;203,1602;11,1273;132,07;278,66;0;0;0,323185012;0,478922717;100;0;0;0;7
Chain_1;Week_50;973,9267;50,506;100;-2,714285714;-7,08971304;79;770,5047;38,2357;346,642;18,0419;216,5514;11,8852;131,45;373,52;0;0;0,323185012;0,478922717;100;0;0;0;7
Chain_1;Week_51;1712,6136;86,9182;100;-6,285714286;-11,96631953;79;1222,5616;59,4323;694,0305;33,4546;303,8669;16,7055;135,32;475,63;0;0;0,323185012;0,478922717;100;0;0;0;7
Chain_1;Week_52;1039,8786;52,1476;100;4,571428571;1,554194569;79;582,2775;29,0121;965,911;41,4489;176,0033;9,6447;167,65;739,86;0;0;0,323185012;0,478922717;100;0;0;0;5
Chain_1;Week_53;870,0123;43,6753;100;5;1,436304988;79;423,9425;21,612;905,218;38,6423;157,5017;8,5969;0,15;489,87;0;0;0,348631187;0,526632235;100;0;0;0;5
Chain_1;Week_54;798,4821;40,6254;100;-2,428571429;-6,88067046;79;449,52;23,0377;971,5035;41,5216;181,2506;9,9089;151;279,78;0;0;0,352872216;0,534583822;100;0;0;0;7
Chain_1;Week_55;698,078;36,3812;100;-4,571428571;-9,661903411;79;452,1335;23,0358;1057,461;44,8054;178,585;9,7667;1,18;264,57;130,05;0;0,352872216;0,534583822;100;0;0;0;7
Chain_1;Week_56;1187,5818;54,6766;100;-8,142857143;-13,58326518;79;511,139;25,2417;1046,283;44,102;175,1117;9,4207;100,3;268,94;89,49;0;0,352872216;0,534583822;100;0;0;0;7
Chain_1;Week_57;938,9864;45,9259;100;3,428571429;-0,117208606;79;893,3215;41,257;810,007;35,1409;190,9983;10,346;0,16;156,24;114,76;0;0,348007181;0,518509051;100;0;0;0;7
Chain_1;Week_58;936,4234;46,2888;100;0,714285714;-2,497763775;79;1051,4135;48,0469;631,8645;28,1053;194,3027;10,5949;0;129,16;119,85;0;0,341520468;0,497076023;100;0;0;0;7
Chain_1;Week_59;792,2322;40,1732;100;-0,285714286;-4,457639238;79;996,8281;46,0061;495,3605;22,9873;185,4879;10,1266;0;123,29;60,21;0;0,341520468;0,497076023;100;0;0;0;7
Chain_1;Week_60;888,8482;43,788;100;-0,857142857;-5,274796441;79;846,2565;39,1904;470,002;21,3423;161,9511;8,9216;0;193,17;93,23;0;0,341520468;0,497076023;100;0;0;0;7
Chain_1;Week_61;893,964;43,5031;100;4,571428571;0,784187321;79,85714286;585,0775;28,4292;1058,1035;43,8327;150,1551;8,2371;0;0;83,98;0;0,358396375;0,503507522;100;0;0;0;7
Chain_1;Week_62;724,9188;37,0072;100;5,142857143;1,734502741;81;449,129;23,0821;1274,738;53,1254;125,7308;7,0265;0;157,08;90,18;0;0,380897583;0,512082854;100;0;0;0;7
Chain_1;Week_63;832,9774;39,3418;100;-2,142857143;-7,143529901;81;705,7815;31,7102;1096,9675;45,4253;107,8722;6,0267;0;131,85;48,25;0;0,380897583;0,512082854;100;0;0;0;7
Chain_1;Week_64;1080,6837;51,3394;100;-1,285714286;-6,191687914;81;654,4915;30,4751;1071,8155;45,1558;94,7745;5,3841;71,63;190,16;50,76;0;0,380897583;0,512082854;100;0;0;0;7
Chain_1;Week_65;1293,471;61,956;100;1,714285714;-2,40134308;81;715,293;33,5495;1313,268;55,3765;123,5663;6,6296;60,17;0,34;124,25;0;0,380897583;0,512082854;100;0;0;0;6
Chain_1;Week_66;688,422;34,9828;100;2,285714286;-1,031804236;81;378,13;19,1756;517,3015;23,7677;77,7993;4,3915;115,12;0;118,62;0;0,378424658;0,479452055;100;0;6;0;6
Chain_1;Week_67;807,9499;41,5802;100;10,14285714;8,754194793;81;429,8165;22,0827;654,72;29,6927;109,1526;6,1635;196,56;0;100,4;0;0,378424658;0,479452055;100;0;7;0;7
Chain_1;Week_68;1051,707;52,1861;100;16,28571429;16,10845981;81;427,5435;22,0656;613,331;28,6842;180,7613;9,9194;167,86;153,82;84,67;0;0,378424658;0,479452055;100;0;7;0;7
Chain_1;Week_69;850,6336;44,4646;100;18,42857143;18,52658705;81;899,5225;40,3113;724,896;34,3149;254,7071;13,9188;191,84;241,36;91,1;0;0,378424658;0,479452055;100;0;7;0;7
Chain_1;Week_70;2370,0546;101,9823;100;15,85714286;15,57906676;81,71428571;606,591;29,3302;603,98;31,2344;304,7412;16,4638;227,96;353,13;160,23;0;0,423961953;0,462545096;100;0;2;0;5
Chain_1;Week_71;2649,5717;113,5621;100;22,57142857;23,55289299;82;873,2395;39,5035;589,374;32,1187;386,1513;19,3071;157,99;307,48;112,56;0;0,442176871;0,455782313;100;0;0;0;7
Chain_1;Week_72;3175,2312;133,6193;100;22,85714286;23,91208463;82;756,762;34,3278;608,1445;33,0389;300,9291;15,7036;161,92;301,62;104,63;0;0,442176871;0,455782313;100;0;0;0;6
Chain_1;Week_73;3072,0422;129,4305;100;16,85714286;16,58340619;82;575,4535;27,5653;556,714;29,9814;306,0623;15,9235;175,76;328,42;138,25;98,86;0,442176871;0,455782313;100;0;0;0;7
Chain_1;Week_74;2397,2062;101,9538;100;19;19,07634678;82;481,4835;23,6555;1195,0035;55,2954;318,1797;16,6702;156,04;231,71;143,77;125,93;0,43049921;0,459793239;100;0;0;0;6
Chain_1;Week_75;1095,1493;51,0439;100;22,42857143;23,47889959;82;654,9005;30,5804;1485,916;65,2746;285,915;14,9308;170,53;104,39;258,82;115,68;0,401305057;0,469820555;100;0;0;0;7
Chain_1;Week_76;2313,6288;99,1389;100;22,42857143;23,57550941;82;560,2445;26,8819;1583,589;69,4078;282,043;14,7269;112,62;247,93;161,11;114,76;0,401305057;0,469820555;100;0;0;0;7
Chain_1;Week_77;1705,5155;77,594;100;27;28,96092366;82;622,93;30,165;1856,8425;83,0658;375,553;19,5499;6,61;240,5;179,02;87,05;0,401305057;0,469820555;100;0;0;0;7
Chain_1;Week_78;1550,6535;71,408;100;20,85714286;21,62237961;82;465,835;22,9925;992,174;46,1603;297,44;15,4094;9,26;203,63;195,47;0;0,401305057;0,469820555;100;0;0;0;7
Chain_1;Week_79;1759,9754;79,64;100;25,71428571;27,41997407;82;622,2665;29,2707;690,2435;36,9005;359,2713;18,5208;229,76;238,28;92,74;0;0,369426752;0,503184713;100;0;0;0;7
Chain_1;Week_80;1939,0698;88,6142;100;23,14285714;24,31787191;82;636,072;30,207;668,7585;35,8517;605,065;29,1433;214,53;174,56;85,53;0;0,369426752;0,503184713;100;0;0;0;7
Chain_1;Week_81;1870,2477;84,2512;100;23,85714286;25,10918859;82;785,0475;35,6377;671,8785;35,7198;493,2133;24,111;223,9;204,12;84,23;0;0,369426752;0,503184713;100;0;0;0;7
Chain_1;Week_82;1966,5327;89,2394;100;25,42857143;27,06275019;82;629,7072;29,9459;1576,322;72,866;557,37;27,264;236,4;174,63;81,79;0;0,369426752;0,503184713;100;0;0;0;7
Chain_1;Week_83;1793,2785;81,4226;100;28,42857143;30,64627871;82;549,223;26,8058;1574,72;73,0118;503,35;24,9778;6,6;217,97;103,16;0;0,324492379;0,48890238;100;0;0;0;7
Chain_1;Week_84;1620,4305;74,4032;100;29,28571429;31,67666188;82;484,6485;23,9796;981,2285;49,1522;590,025;28,4602;228,07;235,93;92,16;0;0,290791599;0,47819063;100;0;0;0;7
Chain_1;Week_85;1505,0727;69,092;100;23,71428571;25,08411241;82;470,211;23,2749;682,5535;35,9945;430,065;21,3703;262,49;228,87;107,08;0;0,290791599;0,47819063;100;0;0;0;6
Chain_1;Week_86;1223,557;56,6025;100;21;21,71403651;82;774,3755;34,573;551,155;28,3476;326,45;16,6954;246,47;191,22;59,97;0;0,290791599;0,47819063;100;0;0;0;7
Chain_1;Week_87;1115,3344;52,1593;100;21,42857143;22,33324196;82,14285714;1094,2435;47,2945;836,6055;40,2221;310,59;15,8958;13,59;17,3;58,29;0;0,29405281;0,470041533;100;0;0;0;7
Chain_1;Week_88;902,0127;42,9928;100;20,14285714;20,70467111;83;1189,209;50,9718;865,8225;40,7008;287,535;14,6693;234,24;224,13;20,22;0;0,313620072;0,421146953;100;0;0;0;7
Chain_1;Week_89;811,9722;40,621;100;16,57142857;16,80407382;83;1326,1125;56,5525;818,601;38,1796;270,985;14,212;218;187,17;139,28;0;0,313620072;0,421146953;100;0;0;0;7
Chain_1;Week_90;705,3115;35,8631;100;15,42857143;14,93719551;83;1072,724;45,9892;624,3145;29,2195;229,765;12,1482;124,06;11,01;107,37;0;0,313620072;0,421146953;100;0;0;0;7
Chain_1;Week_91;613,4208;32,0751;100;12,85714286;11,57477116;83;976,5365;41,6324;526,097;24,7556;195,755;10,5733;14,59;0;99,19;0;0,313620072;0,421146953;100;0;0;0;7
Chain_1;Week_92;1076,4897;50,6649;100;11,57142857;10,46448898;83;611,1595;27,9552;418,1285;20,4068;196,045;10,8356;17,92;0;112,3;0;0,336408169;0,45633469;100;0;0;0;7
Chain_1;Week_93;1358,9356;61,993;100;15,57142857;15,32199369;83;863,217;37,9362;377,235;18,3235;193,535;10,7727;31,05;0;104,64;0;0,340206186;0,462199313;100;0;0;0;7
Chain_1;Week_94;1223,7248;55,7526;100;12,42857143;11,66528791;83;672,41;30,6256;381,132;18,2364;174,585;9,689;32,95;703,66;130,76;0;0,340206186;0,462199313;100;0;0;0;7
Chain_1;Week_95;1263,6907;57,8002;100;18,42857143;18,76965777;83;543,5;26,6886;420,6055;20,091;187,805;10,4799;15,61;441,25;79,4;0;0,340206186;0,462199313;100;0;0;0;7
Chain_1;Week_96;924,7633;44,0132;100;14,57142857;13,79116371;83;823,232;37,2115;378,419;18,4369;159,315;8,8788;19,68;266,37;75,54;0;0,309496922;0,44735468;100;0;0;0;6
Chain_1;Week_97;557,9872;30,1747;100;10,71428571;9,326631808;83;1021,923;45,3197;412,6065;21,143;171,915;9,6872;20,27;251,45;60,31;0;0,268551237;0,427561837;100;0;0;0;7
Chain_1;Week_98;435,6639;23,6525;100;6;3,853051021;83;662,6685;30,7899;324,178;16,2735;142,15;7,9176;37,52;0,33;17,44;0;0,268551237;0,427561837;100;0;0;0;6
Chain_1;Week_99;460,0817;24,8215;100;8,428571429;6,807958657;83;764,0675;34,9179;343,559;16,7577;177,535;9,5843;49,05;237,84;86,32;0;0,268551237;0,427561837;100;0;0;0;7
Chain_1;Week_100;471,2965;25,4512;100;3,714285714;-0,288211536;83;648,3075;31,0191;808,864;35,2585;170,5;9,5371;19,34;207,95;48,27;0;0,273432644;0,43305106;100;0;0;0;7
Chain_1;Week_101;579,8517;29,9626;100;2,285714286;-2,85824361;83;482,506;24,8959;463,7025;21,4648;171,105;9,4674;5,8;0,36;0;0;0,302721088;0,465986395;100;0;0;0;7
Chain_1;Week_102;596,3589;31,521;100;3,142857143;-0,105867665;83;667,1767;32,2682;248,956;13,588;184,5;10,0025;8,41;264,31;0;0;0,302721088;0,465986395;100;0;0;0;7
Chain_1;Week_103;765,4017;41,7525;100;4,285714286;1,902760632;83;737,1195;37,7669;370,585;20,2654;234,975;13,0113;9,54;0,35;0;0;0,302721088;0,465986395;100;0;0;0;7
Chain_1;Week_104;748,5793;37,7827;100;9;6,872232197;83;643,3265;30,8429;273,3645;14,8855;164,385;9,0703;5,94;147,51;0;0;0,302721088;0,465986395;100;0;0;0;5
Chain_1;Week_105;864,7274;42,2579;100;4,571428571;2,242936137;83;654,6435;30,5465;800,2635;35,6881;173,44;9,685;0;82,78;0;0;0,313764467;0,445326782;100;0;0;0;6
Chain_1;Week_106;406,4523;22,1248;100;7;3,910784151;83;267,261;14,6553;404,462;19,0035;132,815;7,3223;0;0;0;0;0,318181818;0,437062937;100;0;0;0;6
Chain_1;Week_107;436,5032;24,0291;100;-0,571428571;-5,147917386;83;287,3525;15,6957;238,7315;12,5306;134,865;7,3984;0;0;98,22;0;0,318181818;0,437062937;100;0;0;0;7
Chain_1;Week_108;404,6734;21,6705;100;-8,428571429;-15,65506681;83;265,844;14,5582;251,9945;13,1023;123,59;6,8113;0;0;103,37;0;0,318181818;0,437062937;100;0;0;0;7
Chain_1;Week_109;440,1597;22,7734;100;-6,571428571;-14,8978574;83;273,124;14,9591;250,715;12,8197;129,69;7,0958;0;0;39,01;0;0,315429923;0,423711976;100;0;0;0;7
Chain_1;Week_110;456,5476;24,6667;100;5;2,721221842;83;300,1455;16,3567;630,024;27,6331;139,89;7,5627;60,73;0;0;0;0,308550186;0,390334572;100;0;0;0;7
Chain_1;Week_111;500,831;27,3695;100;6;3,974826995;83;314,4995;17,1655;512,227;23,0756;137,915;7,4194;76,59;0;82,07;0;0,308550186;0,390334572;100;0;0;0;7
Chain_1;Week_112;444,0062;24,3105;100;8,571428571;7,46009522;83;415,7785;20,8558;635,575;27,6686;122,985;6,6531;86,72;0;103,43;0;0,308550186;0,390334572;100;0;0;0;7
Chain_1;Week_113;729,0979;36,2602;100;6,142857143;3,446489586;83;385,3315;20,0275;465,65;21,4835;133,805;7,2471;0;0;109,13;0;0,304935898;0,391364521;100;0;0;0;7
Chain_1;Week_114;677,967;34,7392;100;8,428571429;6,551598702;83;289,382;15,8827;694,644;30,3272;137,435;7,3582;0;0;122,59;0;0,295900178;0,393939394;100;0;0;0;7
Chain_1;Week_115;475,2363;26,0427;100;11,85714286;10,56476405;83;273,586;14,9106;492,378;22,9248;135,95;7,3285;0;0;110,81;0;0,295900178;0,393939394;100;0;0;0;7
Chain_1;Week_116;457,0506;25,1291;100;14;12,64024643;83;235,5765;12,8384;757,323;33,276;153,17;8,4564;0;0;92,28;0;0,295900178;0,393939394;100;0;0;0;7
Chain_1;Week_117;421,5289;23,2174;100;11,85714286;11,06002082;83;198,9215;10,9259;490,5425;22,7966;172,03;9,7156;0;0;134,45;0;0,295900178;0,393939394;100;0;0;0;7
Chain_2;Week_1;1353,8735;66,5054;100;5,857142857;2,50450724;305;657,2095;33,0198;616,767;28,0111;108,96;6,1167;0;140,27;0;0;0,291713961;0,48354143;100;0;0;0;6
Chain_2;Week_2;1279,1312;64,2547;100;3,428571429;-0,803020557;305;735,5905;36,7811;790,261;35,8561;121,115;6,7622;0;0;0;0;0,291713961;0,48354143;100;0;0;0;7
Chain_2;Week_3;1124,7674;57,7547;100;0,428571429;-3,555553147;305;995,5423;47,6233;741,0915;33,7094;129,1;7,1773;0;0;106,79;0;0,291713961;0,48354143;100;0;0;0;7
Chain_2;Week_4;995,7188;52,0017;100;-3,428571429;-8,613677335;305;845,4769;40,7521;715,488;32,4534;142,335;7,7885;0;0;109,69;0;0,291713961;0,48354143;100;0;0;0;7
Chain_2;Week_5;1043,0515;53,9795;100;-12,14285714;-18,13056577;305,7142857;702,2477;35,665;507,76;24,7153;153,31;8,6046;0;0;82,71;0;0,325448494;0,505599749;100;0;0;0;7
Chain_2;Week_6;1068,5388;55,5263;99,9071;-8,714285714;-13,2028214;306;750,3435;38,2791;425,1165;21,6437;160,945;9,0304;0;0;88,99;0;0,338942308;0,514423077;100;0;0;0;7
Chain_2;Week_7;1285,4148;65,8634;100;-1,142857143;-5,219147745;306;761,468;38,7512;458,7875;22,8201;165,95;9,3198;0;0;73,04;0;0,338942308;0,514423077;100;0;0;0;7
Chain_2;Week_8;1127,2294;58,5124;100;4,857142857;0,668458644;306;788,4355;39,1647;500,178;24,0283;150,13;8,4925;0;0;152,33;0;0,338942308;0,514423077;100;0;0;0;7
Chain_2;Week_9;1661,0715;81,1019;100;5,285714286;1,792372405;312,2857143;808,4889;39,9237;704,3635;32,5589;159,135;8,8649;119,27;0;157,82;0;0,34069862;0,498092013;100;0;0;0;7
Chain_2;Week_10;1903,866;91,3682;100;3,285714286;-0,06621014;317;915,4612;44,9384;666,445;31,0428;158,7;8,9538;186,25;0;1,29;0;0,342015855;0,485843715;100;0;0;0;7
Chain_2;Week_11;1952,4454;93,9759;100;10,57142857;9,068998785;317;835,253;41,7544;587,802;27,8073;167,405;9,4119;175,43;0;0,48;0;0,342015855;0,485843715;100;0;0;0;7
Chain_2;Week_12;1974,4575;94,1958;100;13,42857143;12,03145854;317;802,3415;40,211;552,742;26,283;168,41;9,4899;186,88;0;151,84;0;0,342015855;0,485843715;100;0;0;0;7
Chain_2;Week_13;1585,2695;76,9539;100;10,28571429;7,644374872;317;753,1697;37,6529;515,676;24,4462;150,39;8,6282;213,31;0;180,6;0;0,340615699;0,486268086;100;0;0;0;7
Chain_2;Week_14;1519,2412;78,4882;100;7,285714286;4,689892247;317;887,5487;44,2281;700,2075;32,668;167,3;9,5885;304,01;0;150,1;0;0,332214765;0,488814318;100;0;0;0;6
Chain_2;Week_15;1067,6811;53,8022;99,95;13,42857143;12,35271188;317;635,7401;31,8575;435,7425;21,0083;126,375;7,19;302,08;0;164,32;0;0,332214765;0,488814318;100;0;0;0;6
Chain_2;Week_16;1082,2434;56,7471;100;13,57142857;12,69347323;317;785,383;38,8433;500,5575;24,202;150,515;8,6606;295,72;0;98,14;0;0,332214765;0,488814318;100;0;0;0;7
Chain_2;Week_17;1542,9449;81,8449;100;22;22,84619851;317;865,8484;42,883;1489,452;62,9899;181,245;10,3327;298,6;89,02;91,86;0;0,332214765;0,488814318;100;0;0;0;7
Chain_2;Week_18;1529,548;81,5634;100;24,57142857;26,08402957;317;798,8165;39,8519;1923,3485;80,2601;185,4;10,4948;273,96;197,84;119,48;0;0,30755161;0,482760752;99,6621;0;0;0;5
Chain_2;Week_19;1067,2207;58,4476;100;17,71428571;17,89100937;317;754,9742;37,599;1900,6775;78,2299;172,955;9,8401;246,25;195,49;33,9;0;0,303441084;0,481751825;100;0;0;0;7
Chain_2;Week_20;1104,337;60,0997;100;16,71428571;16,38398915;317;1750,632;76,0363;1789,1475;73,3518;167,44;9,5114;275,46;196,32;187,36;0;0,303441084;0,481751825;100;0;0;0;7
Chain_2;Week_21;1269,8467;67,4385;100;23,85714286;24,99148106;317;1176,4859;53,5829;1512,7075;62,4294;172,545;9,7609;275,43;194,84;145,69;0;0,303441084;0,481751825;100;0;0;0;6
Chain_2;Week_22;1313,4089;68,7387;100;17,85714286;17,88389651;317;807,0214;39,9231;1158,034;48,3954;155,215;8,8943;340,62;192,59;182,07;0;0,30322116;0,478954711;100;0;0;0;7
Chain_2;Week_23;2149,1837;107,5293;100;20,57142857;21,44923742;317;1978,0826;84,7638;887,079;38,0766;169,435;9,64;538,57;187,15;353,99;0;0,302927928;0,475225225;100;0;0;0;6
Chain_2;Week_24;1978,434;101,4039;99,8756;21,42857143;22,28428272;317;1415,7043;65,2861;592,8175;27,7995;179,65;10,2322;734,66;221,56;343,32;0;0,302927928;0,475225225;100;0;0;0;7
Chain_2;Week_25;1519,5258;81,0123;100;23,85714286;25,1608307;317;1509,0278;69,9014;537,206;26,3845;178,18;10,1882;521,01;228,77;249,08;0;0,302927928;0,475225225;100;0;0;0;7
Chain_2;Week_26;2110,0562;106,9576;100;24,14285714;25,36985859;317,1428571;1410,1676;66,5602;550,771;27,328;185,61;10,5686;462,93;186,17;170,62;0;0,304733229;0,47800298;100;0;0;0;7
Chain_2;Week_27;2742,3105;135,7152;100;29,85714286;32,35163957;318;1241,2202;59,7823;582,4445;29,345;189,8;10,8145;17,05;100,51;94,61;0;0,315565032;0,49466951;100;0;0;0;7
Chain_2;Week_28;2398,7797;118,8184;100;24,42857143;25,86813332;318;2226,0191;97,1965;572,107;28,3759;170,11;9,7771;0;248,98;92,62;0;0,315565032;0,49466951;100;0;0;0;7
Chain_2;Week_29;2050,0252;101,9339;100;21,14285714;21,84973152;318;1349,443;62,3215;588,193;29,5193;166,35;9,5444;0;246,22;84,08;0;0,315565032;0,49466951;100;0;0;0;7
Chain_2;Week_30;2204,694;110,4838;100;28,85714286;31,15577691;318;2148,4326;96,6733;708,6905;36,5103;196,005;11,1874;416,66;203,94;76,1;0;0,315565032;0,49466951;100;0;0;0;7
Chain_2;Week_31;1983,8422;101,5851;100;28,28571429;30,47912477;318,7142857;2480,3285;111,0057;722,361;38,2136;185,67;10,5473;788,08;257,03;103,98;0;0,329547865;0,490729869;99,905;0;0;0;7
Chain_2;Week_32;1798,4266;90,9355;100;22,57142857;23,5811937;319;2226,6105;98,5918;665,373;35,3739;174,98;9,9758;892,67;265,47;0;0;0,335140998;0,489154013;100;0;0;0;7
Chain_2;Week_33;1644,885;84,4773;100;21,28571429;22,12336279;319;1907,4387;85,6285;712,5615;37,2248;163,78;9,3266;0;255,87;92,41;0;0,335140998;0,489154013;100;0;0;0;6
Chain_2;Week_34;1671,3453;87,1414;100;26,57142857;28,49493007;319;1633,4976;74,9221;782,564;40,6804;172,965;9,7193;0;216,66;90,93;0;0,335140998;0,489154013;100;0;0;0;7
Chain_2;Week_35;1698,9491;84,4908;100;22,42857143;23,49546732;320,7142857;1311,0275;61,5709;664,9305;34,6115;165,38;9,1632;0;197,23;40,56;0;0,330194843;0,495891531;100;0;0;0;7
Chain_2;Week_36;1932,9469;94,002;100;20,57142857;21,30384874;325;996,022;48,2973;572,4925;29,7087;157,845;8,9257;0;0,2;100,93;0;0,317829457;0,512735327;100;0;0;0;7
Chain_2;Week_37;2043,6438;99,3887;100;20;20,4602042;325;1381,0755;63,7748;533,835;27,8423;147,635;8,4648;0;238,53;88,33;0;0,317829457;0,512735327;100;0;0;0;7
Chain_2;Week_38;1765,9079;86,5855;100;17,57142857;17,5921811;325;1220,6517;57,1707;483,1145;25,1191;138,2;7,9585;16,65;195,68;70,17;0;0,317829457;0,512735327;100;0;0;0;7
Chain_2;Week_39;1775,1543;87,5396;100;20;20,5663895;325;1161,8765;54,2667;490,987;25,5063;148,8;8,5578;0;0;98,1;0;0,317829457;0,512735327;99,8433;0;0;0;7
Chain_2;Week_40;1500,6726;74,6457;100;16,85714286;16,6094549;327;864,887;42,2213;460,2395;23,9084;130,485;7,5721;0;275,3;0,24;0;0,29753915;0,497762864;100;0;0;0;7
Chain_2;Week_41;1425,9126;71,2359;100;12,14285714;10,73376988;327;1184,6817;55,1992;452,675;23,3944;130,975;7,5931;0;286,73;100,2;0;0,29753915;0,497762864;100;0;0;0;7
Chain_2;Week_42;1143,0554;60,8493;100;16;15,84995634;327;1110,4307;53,1134;501,4605;25,7148;153,2864;8,7511;0;260,61;66,18;0;0,29753915;0,497762864;99,8527;0;0;0;7
Chain_2;Week_43;1040,5775;55,7593;100;7,285714286;5,124253428;327;843,0676;42,1143;504,9505;25,6444;232,7988;12,7174;0;239,86;103,28;0;0,29753915;0,497762864;99,8541;0;0;0;7
Chain_2;Week_44;1198,075;62,6596;99,8107;7,428571429;5,450894071;329,2857143;921,619;46,4652;613,9565;31,2018;283,7266;15,5766;0;86,69;0;0;0,331891351;0,503825916;100;0;0;0;6
Chain_2;Week_45;985,4608;51,9855;99,4429;9;6,454259993;331;1045,7111;51,1813;566,7265;28,6469;275,476;15,1091;75,08;175,92;0;0;0,357655502;0,508373206;99,8871;0;0;0;6
Chain_2;Week_46;1034,7216;54,7377;99,7071;4,571428571;2,309292738;331;1001,968;49,893;606,25;30,679;300,2684;16,382;133,36;183,1;0;0;0,357655502;0,508373206;99,8283;0;0;0;7
Chain_2;Week_47;968,9052;51,4584;99,8388;7;5,318221802;331;770,6365;39,4436;598,824;30,6471;295,5096;16,1769;188,39;187,89;0;0;0,357655502;0,508373206;100;0;0;0;7
Chain_2;Week_48;1353,6906;69,2594;100;6,142857143;4,372165063;338,1428571;770,7052;39,7127;567,1755;29,1211;268,1222;14,7648;192,35;152,04;0;0;0,347806791;0,49995878;100;0;0;0;7
Chain_2;Week_49;1269,0933;66,0797;100;-2,714285714;-6,473935991;356;770,3925;39,4523;538,1865;27,5442;255,9684;14,0532;132,07;278,66;0;0;0,323185012;0,478922717;100;0;0;0;7
Chain_2;Week_50;1417,6072;73,6751;100;-2,714285714;-7,08971304;356;888,9555;45,1089;537,1835;27,683;255,8206;14,1881;131,45;373,52;0;0;0,323185012;0,478922717;100;0;0;0;7
Chain_2;Week_51;2231,9785;114,1148;100;-6,285714286;-11,96631953;356;1185,3508;59,5591;1090,8135;51,4823;331,7217;18,4553;135,32;475,63;0;0;0,323185012;0,478922717;100;0;0;0;7
Chain_2;Week_52;1314,4574;68,1335;100;4,571428571;1,554194569;356;619,111;31,5332;1414,6645;60,9848;181,3053;10,2103;167,65;739,86;0;0;0,323185012;0,478922717;100;0;0;0;5
Chain_2;Week_53;1123,2872;58,4626;100;5;1,436304988;356,8571429;570,558;29,4216;1471,2345;63,1573;168,6638;9,4488;0,15;489,87;0;0;0,348631187;0,526632235;100;0;0;0;5
Chain_2;Week_54;1038,8739;54,9725;100;-2,428571429;-6,88067046;357;632,427;32,9366;1707,395;73,0976;184,2574;10,3927;151;279,78;0;0;0,352872216;0,534583822;99,8472;0;0;0;7
Chain_2;Week_55;940,4492;50,7989;99,87;-4,571428571;-9,661903411;357;672,8244;35,1396;1660,4935;70,9577;186,305;10,4539;1,18;264,57;130,05;0;0,352872216;0,534583822;100;0;0;0;7
Chain_2;Week_56;1057,203;54,7285;100;-8,142857143;-13,58326518;357;714,156;37,0442;1883,7755;78,5962;170,502;9,6628;100,3;268,94;89,49;0;0,352872216;0,534583822;100;0;0;0;7
Chain_2;Week_57;982,3115;52,3821;99,8002;3,428571429;-0,117208606;356,5714286;1227,7155;59,221;1536,373;66,1821;172,9772;9,9524;0,16;156,24;114,76;0;0,348007181;0,518509051;100;0;0;0;7
Chain_2;Week_58;1041,9562;54,9115;99,8637;0,714285714;-2,497763775;356;1562,1745;73,1712;1187,2145;54,3799;176,7992;10,1509;0;129,16;119,85;0;0,341520468;0,497076023;100;0;0;0;7
Chain_2;Week_59;928,9046;49,8399;99,8461;-0,285714286;-4,457639238;356;1586,38;74,054;1117,199;51,6999;165,8382;9,4766;0;123,29;60,21;0;0,341520468;0,497076023;100;0;0;0;7
Chain_2;Week_60;946,0699;50,1974;100;-0,857142857;-5,274796441;356;1392,5605;65,2123;1046,4245;47,5331;143,5291;8,3367;0;193,17;93,23;0;0,341520468;0,497076023;100;0;0;0;7
Chain_2;Week_61;1096,7631;56,4468;100;4,571428571;0,784187321;356,4285714;1040,553;51,014;1704,9295;72,5638;131,4894;7,806;0;0;83,98;0;0,358396375;0,503507522;100;0;0;0;7
Chain_2;Week_62;1135,6426;58,3224;100;5,142857143;1,734502741;357;860,0245;44,1726;1902,1115;80,5932;121,9529;7,3244;0;157,08;90,18;0;0,380897583;0,512082854;100;0;0;0;7
Chain_2;Week_63;1040,3886;52,7205;99,8449;-2,142857143;-7,143529901;357;771,274;39,5338;1710,94;71,9951;108,4914;6,6188;0;131,85;48,25;0;0,380897583;0,512082854;100;0;0;0;7
Chain_2;Week_64;1127,0612;57,3632;99,8483;-1,285714286;-6,191687914;357;783,3045;39,9773;1627,1205;69,0128;104,5533;6,4195;71,63;190,16;50,76;0;0,380897583;0,512082854;99,6854;0;0;0;7
Chain_2;Week_65;1389,5792;70,3385;100;1,714285714;-2,40134308;357;912,7745;45,9483;2140,522;89,818;114,276;7,0349;60,17;0,34;124,25;0;0,380897583;0,512082854;99,8728;0;0;0;6
Chain_2;Week_66;791,2708;42,208;100;2,285714286;-1,031804236;358;612,757;31,8946;673,476;31,394;89,7811;5,5509;115,12;0;118,62;0;0,378424658;0,479452055;99,9498;0;0;0;6
Chain_2;Week_67;1010,6722;54,7878;100;10,14285714;8,754194793;358;827,0495;43,0756;728,649;34,7646;140,8955;8,5273;196,56;0;100,4;0;0,378424658;0,479452055;100;0;0;0;7
Chain_2;Week_68;1709,3147;85,7473;100;16,28571429;16,10845981;358;873,5965;45,4768;667,485;33,3094;219,533;12,8071;167,86;153,82;84,67;0;0,378424658;0,479452055;100;0;0;0;7
Chain_2;Week_69;1431,7526;76,2623;100;18,42857143;18,52658705;358;1441,217;66,676;716,5255;36,8873;308,1412;17,9242;191,84;241,36;91,1;0;0,378424658;0,479452055;100;0;0;0;7
Chain_2;Week_70;2890,9336;128,0897;100;15,85714286;15,57906676;358;1258,4945;58,8468;688,129;37,401;306,5347;17,5875;227,96;353,13;160,23;0;0,423961953;0,462545096;100;0;0;0;5
Chain_2;Week_71;2746,1479;121,2889;100;22,57142857;23,55289299;358;1561,1605;71,5449;949,306;51,693;365,7477;19,2918;157,99;307,48;112,56;0;0,442176871;0,455782313;100;0;0;0;7
Chain_2;Week_72;4066,62;174,1792;100;22,85714286;23,91208463;358;1266,0245;59,559;1060,392;57,0129;334,0284;18,0483;161,92;301,62;104,63;0;0,442176871;0,455782313;99,7802;0;0;0;6
Chain_2;Week_73;4286,5934;182,6086;100;16,85714286;16,58340619;358;1038,2715;51,4535;910,987;48,5279;336,0723;18,1566;175,76;328,42;138,25;98,86;0,442176871;0,455782313;100;0;0;0;7
Chain_2;Week_74;2757,3947;120,7434;100;19;19,07634678;358;903,7155;45,4592;1980,1965;90,0114;333,9675;18,0279;156,04;231,71;143,77;125,93;0,43049921;0,459793239;100;0;0;0;6
Chain_2;Week_75;1142,5413;59,4964;100;22,42857143;23,47889959;358;838,7105;42,4937;2581,1255;112,7718;337,4682;18,3492;170,53;104,39;258,82;115,68;0,401305057;0,469820555;100;0;0;0;7
Chain_2;Week_76;3584,9308;156,326;100;22,42857143;23,57550941;358;882,903;45,1649;2745,1255;119,9334;367,5066;19,953;112,62;247,93;161,11;114,76;0,401305057;0,469820555;99,9228;0;0;0;7
Chain_2;Week_77;2894,3067;133,9973;100;27;28,96092366;358;991,5355;50,8786;3286,4925;145,3;468,2696;25,4523;6,61;240,5;179,02;87,05;0,401305057;0,469820555;99,7916;0;0;0;7
Chain_2;Week_78;2022,9955;96,0764;100;20,85714286;21,62237961;358;778,451;40,0803;1830,911;82,9196;364,7148;19,7463;9,26;203,63;195,47;0;0,401305057;0,469820555;99,8778;0;0;0;7
Chain_2;Week_79;3286,6188;149,6422;100;25,71428571;27,41997407;358;867,541;44,2333;1171,3735;62,3173;469,7546;25,132;229,76;238,28;92,74;0;0,369426752;0,503184713;100;0;0;0;7
Chain_2;Week_80;3308,672;148,4495;100;23,14285714;24,31787191;358;845,2655;43,4454;934,965;50,9056;719,358;35,691;214,53;174,56;85,53;0;0,369426752;0,503184713;100;0;0;0;7
Chain_2;Week_81;3143,462;143,0919;100;23,85714286;25,10918859;358;1025,1525;50,7122;944,413;51,8564;681,44;34,5463;223,9;204,12;84,23;0;0,369426752;0,503184713;100;0;0;0;7
Chain_2;Week_82;3335,6704;151,5546;100;25,42857143;27,06275019;358;958,798;48,4573;2468,8685;115,2427;738,2797;37,8131;236,4;174,63;81,79;0;0,369426752;0,503184713;99,9417;0;0;0;7
Chain_2;Week_83;2194,1631;109,0275;100;28,42857143;30,64627871;358;1182,118;57,6443;2440,3915;114,4021;729,7949;37,5307;6,6;217,97;103,16;0;0,324492379;0,48890238;99,8915;0;0;0;7
Chain_2;Week_84;1518,66;82,8116;100;29,28571429;31,67666188;358;905,108;46,0548;1521,0605;76,9299;925,89;44,53;228,07;235,93;92,16;0;0,290791599;0,47819063;99,8371;0;0;0;7
Chain_2;Week_85;1256,0375;69,0772;100;23,71428571;25,08411241;358;799,9825;40,7094;840,2505;47,3886;635,665;32,1028;262,49;228,87;107,08;0;0,290791599;0,47819063;100;0;0;0;6
Chain_2;Week_86;1094,2835;60,216;100;21;21,71403651;358;1073,0335;50,29;676,825;38,0406;457,865;24,0938;246,47;191,22;59,97;0;0,290791599;0,47819063;100;0;0;0;7
Chain_2;Week_87;998,4021;55,5602;100;21,42857143;22,33324196;358;1641,477;72,6431;1123,806;56,3932;401,29;21,2439;13,59;17,3;58,29;0;0,29405281;0,470041533;100;0;0;0;7
Chain_2;Week_88;989,3096;54,8681;100;20,14285714;20,70467111;358;2191,0407;94,724;1439,395;69,1241;388,115;20,4411;234,24;224,13;20,22;0;0,313620072;0,421146953;100;0;0;0;7
Chain_2;Week_89;917,5844;50,5985;100;16,57142857;16,80407382;358;2243,208;97,0659;1272,112;60,7859;350,18;18,8803;218;187,17;139,28;0;0,313620072;0,421146953;99,5679;0;0;0;7
Chain_2;Week_90;816,5794;45,0888;100;15,42857143;14,93719551;358;1932,2855;83,8134;999,7555;47,9306;308,75;16,7728;124,06;11,01;107,37;0;0,313620072;0,421146953;99,7668;0;0;0;7
Chain_2;Week_91;809,6931;44,3879;100;12,85714286;11,57477116;358;1879,405;80,162;885,9865;42,1037;271,535;15,1585;14,59;0;99,19;0;0,313620072;0,421146953;100;0;0;0;7
Chain_2;Week_92;1771,6802;83,9047;100;11,57142857;10,46448898;358;1255,812;56,3928;519,019;26,7848;246,64;14,1143;17,92;0;112,3;0;0,336408169;0,45633469;100;0;0;0;7
Chain_2;Week_93;2467,0673;113,116;100;15,57142857;15,32199369;358;1641,662;73,1251;522,4175;26,4949;223,19;12,8503;31,05;0;104,64;0;0,340206186;0,462199313;100;0;0;0;7
Chain_2;Week_94;2460,233;112,3408;100;12,42857143;11,66528791;358;1257,217;58,0345;567,758;27,7979;192,93;11,1322;32,95;703,66;130,76;0;0,340206186;0,462199313;100;0;0;0;7
Chain_2;Week_95;2416,8548;110,9561;100;18,42857143;18,76965777;358;966,023;49,0239;667,146;32,2182;203,53;11,7725;15,61;441,25;79,4;0;0,340206186;0,462199313;99,8615;0;0;0;7
Chain_2;Week_96;2128,644;99,6206;100;14,57142857;13,79116371;357,5714286;1355,4;62,6318;640,166;31,5217;187,195;10,7182;19,68;266,37;75,54;0;0,309496922;0,44735468;99,8987;0;0;0;6
Chain_2;Week_97;959,0247;52,8776;100;10,71428571;9,326631808;357;1952,918;86,7534;497,9405;26,832;205,75;11,8138;20,27;251,45;60,31;0;0,268551237;0,427561837;99,906;0;0;0;7
Chain_2;Week_98;747,8605;41,174;100;6;3,853051021;357;1161,2625;54,5854;397,312;21,1819;164,275;9,4561;37,52;0,33;17,44;0;0,268551237;0,427561837;99,9063;0;0;0;6
Chain_2;Week_99;792,2134;43,7174;100;8,428571429;6,807958657;357;1035,0585;50,8861;425,0225;22,4465;195,965;11,0259;49,05;237,84;86,32;0;0,268551237;0,427561837;99,8909;0;0;0;7
Chain_2;Week_100;763,2923;42,2758;100;3,714285714;-0,288211536;357,5714286;779,8975;40,8084;1307,911;56,7664;183,28;10,3946;19,34;207,95;48,27;0;0,273432644;0,43305106;99,7844;0;0;0;7
Chain_2;Week_101;771,8825;42,6665;100;2,285714286;-2,85824361;361;667,7165;36,295;838,7915;38,1195;171,13;9,8681;5,8;0,36;0;0;0,302721088;0,465986395;99,7792;0;0;0;7
Chain_2;Week_102;814,1073;45,0318;100;3,142857143;-0,105867665;361;773,3255;41,6005;446,5725;23,583;189,935;10,8927;8,41;264,31;0;0;0,302721088;0,465986395;99,8995;0;0;0;7
Chain_2;Week_103;1035,7749;57,6546;100;4,285714286;1,902760632;361;893,7085;49,1906;608,0635;31,8798;222,82;12,9226;9,54;0,35;0;0;0,302721088;0,465986395;99,8633;0;0;0;7
Chain_2;Week_104;1322,0281;66,8631;100;9;6,872232197;361;777,5895;40,839;432,5135;23,8343;165,82;9,5104;5,94;147,51;0;0;0,302721088;0,465986395;99,4293;0;0;0;5
Chain_2;Week_105;1484,3289;73,2602;100;4,571428571;2,242936137;361;760,4405;40,0977;1253,985;56,0646;173,955;9,9066;0;82,78;0;0;0,313764467;0,445326782;98,604;0;0;0;6
Chain_2;Week_106;753,3558;41,7387;100;7;3,910784151;361;523,3015;29,0845;610,1;28,6828;140,76;7,7929;0;0;0;0;0,318181818;0,437062937;99,1652;0;0;0;6
Chain_2;Week_107;803,9248;45,2675;100;-0,571428571;-5,147917386;361;573,995;32,1;427,2845;22,0138;159,125;8,7513;0;0;98,22;0;0,318181818;0,437062937;99,74;0;0;0;7
Chain_2;Week_108;1043,3172;54,4824;100;-8,428571429;-15,65506681;361;509,0495;28,6636;352,407;18,6362;141,31;7,6497;0;0;103,37;0;0,318181818;0,437062937;99,8045;0;0;0;7
Chain_2;Week_109;1214,9274;61,7608;100;-6,571428571;-14,8978574;361;488,5235;27,5695;630,382;29,6065;135,81;7,4381;0;0;39,01;0;0,315429923;0,423711976;99,724;0;0;0;7
Chain_2;Week_110;1431,1723;71,7712;100;5;2,721221842;361;532,658;30,0249;1188,2245;51,3425;150,22;8,1649;60,73;0;0;0;0,308550186;0,390334572;99,7517;0;0;0;7
Chain_2;Week_111;764,2643;43,3692;100;6;3,974826995;361;520,296;29,3882;1059,1425;46,1047;152,1633;8,2618;76,59;0;82,07;0;0,308550186;0,390334572;99,4616;0;0;0;7
Chain_2;Week_112;746,1676;42,2695;100;8,571428571;7,46009522;361;538,471;29,5988;1279,53;54,7656;145,145;7,8234;86,72;0;103,43;0;0,308550186;0,390334572;99,89;0;0;0;7
Chain_2;Week_113;809,6602;45,3392;100;6,142857143;3,446489586;361,5714286;537,4855;29,9051;907,7945;40,839;153,065;8,2499;0;0;109,13;0;0,304935898;0,391364521;99,8979;0;0;0;7
Chain_2;Week_114;758,528;42,9202;100;8,428571429;6,551598702;363;491,6795;27,7976;1277,268;56,234;148,16;7,973;0;0;122,59;0;0,295900178;0,393939394;99,7198;0;0;0;7
Chain_2;Week_115;696,3486;39,568;100;11,85714286;10,56476405;363;461,5265;25,9644;789,06;37,8789;182,43;9,7022;0;0;110,81;0;0,295900178;0,393939394;99,8325;0;0;0;7
Chain_2;Week_116;535,9431;30,4761;99,5128;14;12,64024643;363;350,671;19,766;1382,3105;61,4835;230,97;12,7451;0;0;92,28;0;0,295900178;0,393939394;100;0;0;0;7
Chain_2;Week_117;608,295;34,5475;100;11,85714286;11,06002082;363;347,866;19,6591;956,2475;45,1478;227,91;12,8044;0;0;134,45;0;0,295900178;0,393939394;100;0;0;0;7
Chain_3;Week_1;625,2183;31,051;100;5,857142857;2,50450724;54;355,9458;17,3569;394,1845;15,7074;78,485;4,6046;0;140,27;0;0;0,291713961;0,48354143;100;0;0;0;6
Chain_3;Week_2;593,7012;29,4771;100;3,428571429;-0,803020557;54;369,0005;18,0471;234,499;10,8891;77,64;4,4678;0;0;0;0;0,291713961;0,48354143;100;0;0;0;7
Chain_3;Week_3;707,0784;33,3426;100;0,428571429;-3,555553147;54;361,7188;17,3637;436,5585;19,0617;78,755;4,6041;0;0;106,79;0;0,291713961;0,48354143;100;0;0;0;7
Chain_3;Week_4;686,0005;32,9067;100;-3,428571429;-8,613677335;54;534,0862;23,5467;335,1595;15,0732;77,055;4,5634;0;0;109,69;0;0,291713961;0,48354143;100;0;0;0;7
Chain_3;Week_5;616,616;29,9023;100;-12,14285714;-18,13056577;54;516,0691;23,3045;208,1335;10,0592;79,9;4,737;0;0;82,71;0;0,325448494;0,505599749;100;0;0;0;7
Chain_3;Week_6;663,5883;31,6245;100;-8,714285714;-13,2028214;54;506,6725;22,4906;206,5655;10,0348;77,815;4,6458;0;0;88,99;0;0,338942308;0,514423077;100;0;0;0;7
Chain_3;Week_7;710,1513;33,6298;100;-1,142857143;-5,219147745;54;348,6486;16,6475;195,2515;9,5396;75,53;4,5238;0;0;73,04;0;0,338942308;0,514423077;100;0;0;0;7
Chain_3;Week_8;727,8769;32,5546;100;4,857142857;0,668458644;54;604,9763;25,1539;343,9775;14,5766;70,65;4,1471;0;0;152,33;0;0,338942308;0,514423077;100;0;0;0;7
Chain_3;Week_9;634,3798;29,8121;100;5,285714286;1,792372405;54;544,1135;23,5388;290,793;12,9122;72,16;4,381;119,27;0;157,82;0;0,34069862;0,498092013;100;0;0;0;7
Chain_3;Week_10;760,9006;34,9477;100;3,285714286;-0,06621014;54;519,5993;22,8224;209,2695;9,8302;72,475;4,4148;186,25;0;1,29;0;0,342015855;0,485843715;100;0;0;0;7
Chain_3;Week_11;722,9582;33,7962;100;10,57142857;9,068998785;54;404,2169;18,0519;206,283;9,8174;71,375;4,369;175,43;0;0,48;0;0,342015855;0,485843715;100;0;0;0;7
Chain_3;Week_12;792,3097;36,8891;100;13,42857143;12,03145854;54;372,9983;16,9927;197,494;9,4698;84,7;4,8942;186,88;0;151,84;0;0,342015855;0,485843715;100;0;0;0;7
Chain_3;Week_13;841,6552;39,4464;100;10,28571429;7,644374872;54;424,8154;19,0985;204,141;9,7128;91,24;5,3434;213,31;0;180,6;0;0,340615699;0,486268086;100;0;4;4;7
Chain_3;Week_14;1048,1887;51,0116;100;7,285714286;4,689892247;54;444,3537;20,5152;270,6605;12,9466;90,84;5,5163;304,01;0;150,1;0;0,332214765;0,488814318;100;0;7;7;6
Chain_3;Week_15;921,8546;42,2646;100;13,42857143;12,35271188;54;1648,4233;57,3166;186,364;8,5812;63,825;3,8831;302,08;0;164,32;0;0,332214765;0,488814318;100;0;3;3;6
Chain_3;Week_16;788,2971;37,6597;100;13,57142857;12,69347323;54;550,3816;22,4844;516,593;21,6996;67,89;4,127;295,72;0;98,14;0;0,332214765;0,488814318;100;0;0;0;7
Chain_3;Week_17;902,9789;44,2121;100;22;22,84619851;54;992,2245;40,5031;591,078;25,2293;83,415;5,0623;298,6;89,02;91,86;0;0,332214765;0,488814318;100;0;0;0;7
Chain_3;Week_18;1131,8065;55,8817;100;24,57142857;26,08402957;54;769,0031;33,083;439,2465;20,2297;86,96;5,2395;273,96;197,84;119,48;0;0,30755161;0,482760752;100;0;0;0;5
Chain_3;Week_19;1203,5302;56,8453;100;17,71428571;17,89100937;54;463,9296;20,2939;472,4245;20,7661;86,955;5,1046;246,25;195,49;33,9;0;0,303441084;0,481751825;100;0;0;0;7
Chain_3;Week_20;954,0394;46,1353;100;16,71428571;16,38398915;54;353,7205;16,6402;1046,2465;41,1599;80,26;4,77;275,46;196,32;187,36;0;0,303441084;0,481751825;100;0;0;0;7
Chain_3;Week_21;870,8958;42,6214;100;23,85714286;24,99148106;54;259,7741;12,5937;663,3835;28,1076;64,185;3,9602;275,43;194,84;145,69;0;0,303441084;0,481751825;100;0;0;0;6
Chain_3;Week_22;1009,4848;49,2235;100;17,85714286;17,88389651;54;234,348;11,6135;472,182;20,7672;65,49;4,1773;340,62;192,59;182,07;0;0,30322116;0,478954711;100;0;0;0;7
Chain_3;Week_23;1376,6516;67,7299;100;20,57142857;21,44923742;54;557,4395;21,7813;1353,806;51,3616;65,785;4,2749;538,57;187,15;353,99;0;0,302927928;0,475225225;100;0;0;0;6
Chain_3;Week_24;1182,9097;57,5894;100;21,42857143;22,28428272;54;812,304;31,9115;621,434;27,3486;65,965;4,2828;734,66;221,56;343,32;0;0,302927928;0,475225225;100;0;0;0;7
Chain_3;Week_25;994,4254;48,7742;100;23,85714286;25,1608307;54;563,1375;23,6929;558,0495;26,3173;78,83;4,8447;521,01;228,77;249,08;0;0,302927928;0,475225225;100;0;0;0;7
Chain_3;Week_26;880,3278;43,7764;100;24,14285714;25,36985859;54;570,554;24,856;801,362;34,963;71,085;4,4738;462,93;186,17;170,62;0;0,304733229;0,47800298;100;0;4;4;7
Chain_3;Week_27;1049,7343;51,511;100;29,85714286;32,35163957;54;723,7495;31,3635;621,402;29,082;59,295;3,827;17,05;100,51;94,61;0;0,315565032;0,49466951;100;0;3;3;7
Chain_3;Week_28;1314,0174;62,0841;100;24,42857143;25,86813332;54;580,3355;26,2528;534,52;26,293;49,935;3,2015;0;248,98;92,62;0;0,315565032;0,49466951;100;0;0;0;7
Chain_3;Week_29;891,8601;43,3552;100;21,14285714;21,84973152;54;472,0343;21,6606;476,9025;23,521;41,96;2,6747;0;246,22;84,08;0;0,315565032;0,49466951;100;0;0;0;7
Chain_3;Week_30;894,828;44,1214;100;28,85714286;31,15577691;54;441,2472;20,4593;574,0205;29,259;42,02;2,736;416,66;203,94;76,1;0;0,315565032;0,49466951;100;0;0;0;7
Chain_3;Week_31;994,0459;48,889;100;28,28571429;30,47912477;54;420,1982;19,6507;541,1675;28,2349;52,79;3,4836;788,08;257,03;103,98;0;0,329547865;0,490729869;100;0;0;0;7
Chain_3;Week_32;1022,0847;50,0575;100;22,57142857;23,5811937;54;379,3185;18,0706;464,3695;23,7424;64,17;4,1505;892,67;265,47;0;0;0,335140998;0,489154013;100;0;0;0;7
Chain_3;Week_33;875,747;43,1453;100;21,28571429;22,12336279;54;349,455;16,7655;318,7475;16,1538;61,64;3,9776;0;255,87;92,41;0;0,335140998;0,489154013;100;0;0;0;6
Chain_3;Week_34;847,5267;41,8842;100;26,57142857;28,49493007;54;414,943;19,6362;344,8835;17,6988;64,645;4,1968;0;216,66;90,93;0;0,335140998;0,489154013;100;0;0;0;7
Chain_3;Week_35;903,6415;44,0318;100;22,42857143;23,49546732;54;421,0405;19,7117;340,6775;17,9049;63,855;4,1346;0;197,23;40,56;0;0,330194843;0,495891531;100;0;0;0;7
Chain_3;Week_36;706,2531;34,6805;100;20,57142857;21,30384874;54;369,929;17,2687;325,216;16,7124;59,725;3,855;0;0,2;100,93;0;0,317829457;0,512735327;100;0;0;0;7
Chain_3;Week_37;668,4215;32,7303;100;20;20,4602042;54;454,1635;20,7429;332,3465;16,9597;59,165;3,8333;0;238,53;88,33;0;0,317829457;0,512735327;100;0;0;0;7
Chain_3;Week_38;710,091;34,6299;100;17,57142857;17,5921811;54;367,0815;17,1002;336,6965;16,7155;56,51;3,7111;16,65;195,68;70,17;0;0,317829457;0,512735327;100;0;0;0;7
Chain_3;Week_39;696,3421;33,6159;100;20;20,5663895;54;341,672;16,0768;455,028;21,8428;61,135;3,9583;0;0;98,1;0;0,317829457;0,512735327;100;0;0;0;7
Chain_3;Week_40;666,3516;32,7887;100;16,85714286;16,6094549;54;298,8325;14,3531;413,7225;19,9609;68,27;4,2603;0;275,3;0,24;0;0,29753915;0,497762864;100;0;0;0;7
Chain_3;Week_41;860,0653;40,7463;100;12,14285714;10,73376988;54;331,098;15,7908;414,485;19,9136;59,76;3,8535;0;286,73;100,2;0;0,29753915;0,497762864;100;0;0;0;7
Chain_3;Week_42;727,5791;35,3663;100;16;15,84995634;54;492,2148;22,2033;918,61;38,3376;50,425;3,3914;0;260,61;66,18;0;0,29753915;0,497762864;100;0;0;0;7
Chain_3;Week_43;696,6455;34,3247;100;7,285714286;5,124253428;54;385,121;18,0248;594,425;26,431;54,2;3,6134;0;239,86;103,28;0;0,29753915;0,497762864;100;0;0;0;7
Chain_3;Week_44;654,7375;33,5836;100;7,428571429;5,450894071;53,42857143;338,306;16,6077;323,2485;16,6474;72,645;4,4813;0;86,69;0;0;0,331891351;0,503825916;100;0;0;0;6
Chain_3;Week_45;424,7088;23,5194;100;9;6,454259993;53;329,9885;16,1744;230,624;12,4915;54,63;3,5239;75,08;175,92;0;0;0,357655502;0,508373206;100;0;4;0;6
Chain_3;Week_46;512,6832;27,244;100;4,571428571;2,309292738;53;382,013;18,6076;273,958;14,2429;53,835;3,6054;133,36;183,1;0;0;0,357655502;0,508373206;100;0;3;0;7
Chain_3;Week_47;602,0065;30,643;100;7;5,318221802;53;331,9455;16,4015;244,757;12,737;51,76;3,4985;188,39;187,89;0;0;0,357655502;0,508373206;100;0;0;0;7
Chain_3;Week_48;668,029;33,4711;100;6,142857143;4,372165063;53;450,0235;20,9758;246,459;12,5758;54,74;3,6315;192,35;152,04;0;0;0,347806791;0,49995878;100;0;0;0;7
Chain_3;Week_49;551,1835;29,7457;100;-2,714285714;-6,473935991;53;414,6285;20,1436;270,1565;13,9137;55,025;3,7006;132,07;278,66;0;0;0,323185012;0,478922717;100;0;0;0;7
Chain_3;Week_50;757,5996;38,2894;100;-2,714285714;-7,08971304;53;476,1915;22,9642;285,805;14,5022;59,925;3,9984;131,45;373,52;0;0;0,323185012;0,478922717;100;0;4;0;7
Chain_3;Week_51;1007,8929;51,9502;100;-6,285714286;-11,96631953;53;767,358;36,4716;394,42;20,1016;76,77;5,1897;135,32;475,63;0;0;0,323185012;0,478922717;100;0;3;0;7
Chain_3;Week_52;732,7153;36,4112;100;4,571428571;1,554194569;53;421,0675;20,0625;649,009;26,9282;47,265;3,1569;167,65;739,86;0;0;0,323185012;0,478922717;100;0;0;0;5
Chain_3;Week_53;593,2562;29,6127;100;5;1,436304988;53;349,82;16,7704;449,466;19,0577;39,17;2,5725;0,15;489,87;0;0;0,348631187;0,526632235;100;0;0;0;5
Chain_3;Week_54;666,424;31,5201;100;-2,428571429;-6,88067046;53;366,381;17,621;213,731;10,6659;45,99;2,9984;151;279,78;0;0;0,352872216;0,534583822;100;0;0;0;7
Chain_3;Week_55;557,1462;27,6006;100;-4,571428571;-9,661903411;53;475,998;21,9409;237,4765;11,7117;43,61;2,8987;1,18;264,57;130,05;0;0,352872216;0,534583822;100;0;0;0;7
Chain_3;Week_56;519,1854;25,7913;100;-8,142857143;-13,58326518;53;338,5775;16,2724;183,636;9,4755;44,76;2,9758;100,3;268,94;89,49;0;0,352872216;0,534583822;100;0;0;0;7
Chain_3;Week_57;510,1483;26,1098;100;3,428571429;-0,117208606;53;370,5895;18,0089;211,766;10,9509;47,705;3,1643;0,16;156,24;114,76;0;0,348007181;0,518509051;100;0;0;0;7
Chain_3;Week_58;460,2026;24,2151;100;0,714285714;-2,497763775;53;378,963;18,4022;431,728;19,4687;48,67;3,2401;0;129,16;119,85;0;0,341520468;0,497076023;100;0;0;0;7
Chain_3;Week_59;451,7283;23,3215;100;-0,285714286;-4,457639238;53;352,1915;16,6884;298,8055;13,9986;47,115;3,1235;0;123,29;60,21;0;0,341520468;0,497076023;100;0;0;0;7
Chain_3;Week_60;435,1402;22,2501;100;-0,857142857;-5,274796441;53;425,574;19,0807;385,381;16,9833;45,005;2,9651;0;193,17;93,23;0;0,341520468;0,497076023;100;0;0;0;7
Chain_3;Week_61;453,708;23,3222;100;4,571428571;0,784187321;54,71428571;335,0295;15,8878;275,011;12,7999;46,995;3,1357;0;0;83,98;0;0,358396375;0,503507522;100;0;0;0;7
Chain_3;Week_62;449,5158;23,2457;100;5,142857143;1,734502741;57;439,7675;20,7547;186,4655;9,7111;46,26;3,1207;0;157,08;90,18;0;0,380897583;0,512082854;100;0;0;0;7
Chain_3;Week_63;530,542;26,5491;100;-2,142857143;-7,143529901;57;378,8525;18,0965;358,677;16,1679;88,335;5,03;0;131,85;48,25;0;0,380897583;0,512082854;100;0;0;0;7
Chain_3;Week_64;615,6939;29,992;100;-1,285714286;-6,191687914;57;528,8375;23,5505;389,744;17,2345;74,51;4,4988;71,63;190,16;50,76;0;0,380897583;0,512082854;100;0;0;0;7
Chain_3;Week_65;660,8243;33,7361;100;1,714285714;-2,40134308;57;535,2465;24,7915;322,2455;15,6467;68,52;4,4489;60,17;0,34;124,25;0;0,380897583;0,512082854;100;0;0;0;6
Chain_3;Week_66;537,4272;26,6164;100;2,285714286;-1,031804236;57;336,314;15,9717;379,03;16,8447;49,705;3,2499;115,12;0;118,62;0;0,378424658;0,479452055;100;0;0;0;6
Chain_3;Week_67;871,1073;40,2189;100;10,14285714;8,754194793;57;1399,549;52,1752;401,93;18,2239;56,745;3,6711;196,56;0;100,4;0;0,378424658;0,479452055;100;0;0;0;7
Chain_3;Week_68;677,3892;33,1712;100;16,28571429;16,10845981;57;343,2725;16,7362;324,9795;15,5923;90,905;5,5998;167,86;153,82;84,67;0;0,378424658;0,479452055;100;0;0;0;7
Chain_3;Week_69;924,7556;44,5302;100;18,42857143;18,52658705;57;2526,7145;88,7946;368,7765;18,147;116,235;7,4432;191,84;241,36;91,1;0;0,378424658;0,479452055;100;0;0;0;7
Chain_3;Week_70;930,1239;45,919;100;15,85714286;15,57906676;57;616,918;25,4647;607,53;28,6337;117,465;7,6737;227,96;353,13;160,23;0;0,423961953;0,462545096;100;0;0;0;5
Chain_3;Week_71;1499,4404;67,3686;100;22,57142857;23,55289299;57;448,7595;20,8972;490,151;23,8665;117,825;7,5247;157,99;307,48;112,56;0;0,442176871;0,455782313;100;0;0;0;7
Chain_3;Week_72;1514,3404;65,3642;100;22,85714286;23,91208463;57;464,2465;21,0426;342,281;17,3628;131,01;7,8937;161,92;301,62;104,63;0;0,442176871;0,455782313;100;0;4;0;6
Chain_3;Week_73;1178,9451;54,5902;100;16,85714286;16,58340619;57;473,0295;22,2218;2500,7205;89,7727;106,53;6,6182;175,76;328,42;138,25;98,86;0,442176871;0,455782313;100;0;3;0;7
Chain_3;Week_74;1230,4983;56,7155;100;19;19,07634678;57;637,8155;28,4909;511,9205;24,4518;102,485;6,6463;156,04;231,71;143,77;125,93;0,43049921;0,459793239;100;0;0;0;6
Chain_3;Week_75;880,6718;42,5185;100;22,42857143;23,47889959;57;849,9745;36,916;354,545;18,5054;94,885;6,1312;170,53;104,39;258,82;115,68;0,401305057;0,469820555;100;0;0;0;7
Chain_3;Week_76;2130,8306;86,6998;100;22,42857143;23,57550941;57;579,896;26,7874;469,777;23,5519;115,73;7,0778;112,62;247,93;161,11;114,76;0,401305057;0,469820555;100;0;0;0;7
Chain_3;Week_77;1363,4549;63,2027;100;27;28,96092366;57;848,68;38,203;2052,857;77,7482;120,125;7,7296;6,61;240,5;179,02;87,05;0,401305057;0,469820555;100;0;0;0;7
Chain_3;Week_78;1647,9365;71,796;100;20,85714286;21,62237961;57;1021,2125;44,2076;379,0525;19,1836;97,225;6,3343;9,26;203,63;195,47;0;0,401305057;0,469820555;100;0;0;0;7
Chain_3;Week_79;1710,7749;74,8835;100;25,71428571;27,41997407;57;739,029;33,1729;487,5875;25,369;105,655;6,821;229,76;238,28;92,74;0;0,369426752;0,503184713;100;0;0;0;7
Chain_3;Week_80;1151,1104;53,1075;100;23,14285714;24,31787191;57;3039,3145;108,6918;391,4685;21,034;142,345;8,486;214,53;174,56;85,53;0;0,369426752;0,503184713;100;0;0;0;7
Chain_3;Week_81;1040,7588;49,2216;100;23,85714286;25,10918859;57;919,749;37,6711;316,177;17,5478;194,16;10,7913;223,9;204,12;84,23;0;0,369426752;0,503184713;100;0;0;0;7
Chain_3;Week_82;1273,6623;58,709;100;25,42857143;27,06275019;57;418,6205;19,7678;406,041;21,77;163,995;9,6277;236,4;174,63;81,79;0;0,369426752;0,503184713;100;0;0;0;7
Chain_3;Week_83;1745,8691;76,6802;100;28,42857143;30,64627871;57;479,378;22,2862;399,459;22,0718;209,285;11,4441;6,6;217,97;103,16;0;0,324492379;0,48890238;100;0;0;0;7
Chain_3;Week_84;1139,2633;53,6438;100;29,28571429;31,67666188;57;733,0605;32,4397;1114,152;46,6842;157,155;9,3907;228,07;235,93;92,16;0;0,290791599;0,47819063;100;0;0;0;7
Chain_3;Week_85;618,2793;32,6688;100;23,71428571;25,08411241;57;564,6255;25,3502;1085,591;46,1288;102,1;6,5658;262,49;228,87;107,08;0;0,290791599;0,47819063;100;0;0;0;6
Chain_3;Week_86;1549,6046;69,2391;100;21;21,71403651;57;366,2515;17,3242;481,6375;23,7402;81,965;5,3824;246,47;191,22;59,97;0;0,290791599;0,47819063;100;0;0;0;7
Chain_3;Week_87;965,7037;45,2501;100;21,42857143;22,33324196;57;351,661;17,1847;299,981;15,7117;95,635;5,7204;13,59;17,3;58,29;0;0,29405281;0,470041533;100;0;0;0;7
Chain_3;Week_88;787,3489;38,2956;100;20,14285714;20,70467111;57;276,76;13,7006;241,964;12,8904;76,335;4,7421;234,24;224,13;20,22;0;0,313620072;0,421146953;100;0;0;0;7
Chain_3;Week_89;710,5026;35,1767;100;16,57142857;16,80407382;57;316,6465;15,3687;215,415;11,4979;107,235;6,0948;218;187,17;139,28;0;0,313620072;0,421146953;100;0;0;0;7
Chain_3;Week_90;539,4554;27,7298;100;15,42857143;14,93719551;57;400,03;18,2418;261,467;12,9703;67,715;4,1552;124,06;11,01;107,37;0;0,313620072;0,421146953;100;0;0;0;7
Chain_3;Week_91;449,1257;23,6435;100;12,85714286;11,57477116;57;652,1025;28,7919;252,3775;12,7363;84,07;4,8864;14,59;0;99,19;0;0,313620072;0,421146953;100;0;0;0;7
Chain_3;Week_92;982,3636;44,8385;100;11,57142857;10,46448898;57;447,044;20,9321;235,854;12,1885;99,3;5,5948;17,92;0;112,3;0;0,336408169;0,45633469;100;0;0;0;7
Chain_3;Week_93;1436,3586;61,3819;100;15,57142857;15,32199369;57;443,234;20,6767;221,02;11,5618;100,205;5,3454;31,05;0;104,64;0;0,340206186;0,462199313;100;0;0;0;7
Chain_3;Week_94;1818,3224;71,8627;100;12,42857143;11,66528791;57;364,798;17,4785;228,3665;11,6878;63,54;3,757;32,95;703,66;130,76;0;0,340206186;0,462199313;100;0;0;0;7
Chain_3;Week_95;580,1202;27,3501;100;18,42857143;18,76965777;57;972,8695;38,7318;279,536;13,7607;74,13;4,3042;15,61;441,25;79,4;0;0,340206186;0,462199313;100;0;0;0;7
Chain_3;Week_96;426,9297;22,4116;100;14,57142857;13,79116371;57;802,9925;33,2309;305,5295;14,6946;63,4;3,8028;19,68;266,37;75,54;0;0,309496922;0,44735468;100;0;0;0;6
Chain_3;Week_97;1272,7821;56,8481;100;10,71428571;9,326631808;57;572,463;25,7747;311,86;15,5862;155,3;7,8292;20,27;251,45;60,31;0;0,268551237;0,427561837;100;0;0;0;7
Chain_3;Week_98;460,6067;22,6835;100;6;3,853051021;57;428,153;19,944;227,748;11,3192;62,58;3,4605;37,52;0,33;17,44;0;0,268551237;0,427561837;100;0;0;0;6
Chain_3;Week_99;887,3126;40,1147;100;8,428571429;6,807958657;57;474,016;21,7782;232,373;11,547;46,18;2,8712;49,05;237,84;86,32;0;0,268551237;0,427561837;100;0;0;0;7
Chain_3;Week_100;519,1495;26,2385;100;3,714285714;-0,288211536;57;325,2995;15,765;229,275;11,2992;48,13;2,9687;19,34;207,95;48,27;0;0,273432644;0,43305106;100;0;0;0;7
Chain_3;Week_101;397,0711;21,6392;100;2,285714286;-2,85824361;57;344,939;17,0336;271,977;13,2084;47,45;2,9613;5,8;0,36;0;0;0,302721088;0,465986395;100;0;0;0;7
Chain_3;Week_102;777,0421;37,6725;100;3,142857143;-0,105867665;57;634,7665;28,8876;304,7025;14,7267;58,63;3,5223;8,41;264,31;0;0;0,302721088;0,465986395;100;0;0;0;7
Chain_3;Week_103;1262,7216;58,4991;100;4,285714286;1,902760632;57;1014,137;44,0653;524,181;23,7769;70,18;4,1961;9,54;0,35;0;0;0,302721088;0,465986395;100;0;0;0;7
Chain_3;Week_104;1124,8826;51,3774;100;9;6,872232197;57;580,694;26,2044;285,6715;13,7522;49,46;2,9878;5,94;147,51;0;0;0,302721088;0,465986395;100;0;0;0;5
Chain_3;Week_105;906,872;43,4824;100;4,571428571;2,242936137;57;491,117;23,0721;230,206;12,0604;58,415;3,4984;0;82,78;0;0;0,313764467;0,445326782;100;0;0;0;6
Chain_3;Week_106;692,4993;31,9098;100;7;3,910784151;57;293,807;14,1312;169,1915;8,3849;39,685;2,3937;0;0;0;0;0,318181818;0,437062937;100;0;0;0;6
Chain_3;Week_107;554,3515;27,2698;100;-0,571428571;-5,147917386;57;521,8965;23,372;188,68;9,3051;82,865;4,6967;0;0;98,22;0;0,318181818;0,437062937;100;0;0;0;7
Chain_3;Week_108;393,5899;20,3328;100;-8,428571429;-15,65506681;57;316,7495;14,8421;282,905;12,3665;65,19;3,8526;0;0;103,37;0;0,318181818;0,437062937;100;0;0;0;7
Chain_3;Week_109;640,2675;30,352;100;-6,571428571;-14,8978574;57;266,4205;13,0627;231,768;10,2748;55,92;3,5319;0;0;39,01;0;0,315429923;0,423711976;100;0;0;0;7
Chain_3;Week_110;552,7392;27,5721;100;5;2,721221842;57;672,91;28,3189;190,555;9,3113;66,565;4,0139;60,73;0;0;0;0,308550186;0,390334572;100;0;0;0;7
Chain_3;Week_111;700,4053;33,2029;100;6;3,974826995;57;280,67;13,3921;164,509;7,9796;67,695;4,011;76,59;0;82,07;0;0,308550186;0,390334572;100;0;0;0;7
Chain_3;Week_112;501,5769;24,845;100;8,571428571;7,46009522;57;368,285;16,6704;345,85;14,4853;61,08;3,7096;86,72;0;103,43;0;0,308550186;0,390334572;100;0;0;0;7
Chain_3;Week_113;502,4327;25,3824;100;6,142857143;3,446489586;57;307,013;14,5821;207,02;9,6511;58,02;3,6121;0;0;109,13;0;0,304935898;0,391364521;100;0;0;0;7
Chain_3;Week_114;1077,8804;49,5056;100;8,428571429;6,551598702;57;307,774;14,978;129,82;6,9175;62,88;3,8688;0;0;122,59;0;0,295900178;0,393939394;100;0;0;0;7
Chain_3;Week_115;790,1087;36,5285;100;11,85714286;10,56476405;57;630,645;27,8758;447,8035;18,2155;68,09;4,1345;0;0;110,81;0;0,295900178;0,393939394;100;0;0;0;7
Chain_3;Week_116;523,2491;25,3951;100;14;12,64024643;57;1651,8165;64,4837;170,193;8,08;102,015;5,8501;0;0;92,28;0;0,295900178;0,393939394;100;0;0;0;7
Chain_3;Week_117;413,8315;21,5329;100;11,85714286;11,06002082;57;1055,7895;43,2307;132,3085;7,0932;91,23;5,4782;0;0;134,45;0;0,295900178;0,393939394;100;0;0;0;7
Chain_4;Week_1;567,6718;27,6251;100;5,857142857;2,50450724;69;664,486;29,3585;603,992;24,3051;32,39;1,7931;0;140,27;0;0;0,291713961;0,48354143;100;0;0;0;6
Chain_4;Week_2;619,2813;29,8194;100;3,428571429;-0,803020557;69;1032,836;44,2356;406,45;17,4887;23,29;1,2723;0;0;0;0;0,291713961;0,48354143;100;0;0;0;7
Chain_4;Week_3;985,4577;44,4777;100;0,428571429;-3,555553147;69;1045,7165;44,4959;374,8295;16,1136;15,805;0,8578;0;0;106,79;0;0,291713961;0,48354143;100;0;0;0;7
Chain_4;Week_4;601,2718;28,5964;100;-3,428571429;-8,613677335;69;1088,003;45,5521;503,218;21,7502;31,66;1,7189;0;0;109,69;0;0,291713961;0,48354143;100;0;0;0;7
Chain_4;Week_5;704,0334;32,742;100;-12,14285714;-18,13056577;69;667,6465;28,9055;407,2575;17,3969;52,91;3,2566;0;0;82,71;0;0,325448494;0,505599749;100;0;0;0;7
Chain_4;Week_6;803,7943;37,2068;100;-8,714285714;-13,2028214;69;730,6525;31,3179;340,5695;14,8049;47,815;3,0931;0;0;88,99;0;0,338942308;0,514423077;100;0;0;0;7
Chain_4;Week_7;608,1999;28,9061;100;-1,142857143;-5,219147745;69;4243,408;142,0704;1002,096;37,0459;46,495;2,9871;0;0;73,04;0;0,338942308;0,514423077;100;0;0;0;7
Chain_4;Week_8;883,6971;40,435;100;4,857142857;0,668458644;69;838,676;34,6467;412,439;17,0662;47,265;3,035;0;0;152,33;0;0,338942308;0,514423077;100;0;0;0;7
Chain_4;Week_9;821,7566;36,1107;100;5,285714286;1,792372405;69;703,118;30,0926;343,6655;14,6346;45,23;2,9287;119,27;0;157,82;0;0,34069862;0,498092013;100;0;0;0;7
Chain_4;Week_10;770,9168;34,0993;100;3,285714286;-0,06621014;69;1101,21;45,3612;290,9295;12,8563;47,975;3,0613;186,25;0;1,29;0;0,342015855;0,485843715;100;0;0;0;7
Chain_4;Week_11;1083,8527;47,4532;100;10,57142857;9,068998785;69;731,2255;30,9671;310,3725;13,2789;47,15;2,9906;175,43;0;0,48;0;0,342015855;0,485843715;100;0;0;0;7
Chain_4;Week_12;909,3209;39,7216;100;13,42857143;12,03145854;69;1153,5545;47,3912;314,641;14,0748;45,785;2,9212;186,88;0;151,84;0;0,342015855;0,485843715;100;0;0;0;7
Chain_4;Week_13;873,6418;39,5682;100;10,28571429;7,644374872;69;1009,51;40,5615;316,652;14,1924;50,09;3,2247;213,31;0;180,6;0;0,340615699;0,486268086;100;0;0;0;7
Chain_4;Week_14;1132,971;50,6412;100;7,285714286;4,689892247;69;1026,1415;42,6683;373,5405;16,8813;61,6;3,9611;304,01;0;150,1;0;0,332214765;0,488814318;100;0;0;0;6
Chain_4;Week_15;764,9261;33,8241;100;13,42857143;12,35271188;69;918,1505;37,7708;656,9135;31,6745;48,455;3,0604;302,08;0;164,32;0;0,332214765;0,488814318;100;0;0;0;6
Chain_4;Week_16;1118,624;49,3739;100;13,57142857;12,69347323;69;758,9555;31,6803;309,911;13,9945;53,18;3,4092;295,72;0;98,14;0;0,332214765;0,488814318;100;0;0;0;7
Chain_4;Week_17;1219,8719;54,7227;100;22;22,84619851;69;1623,1965;65,7149;562,0015;25,86;74,385;4,3932;298,6;89,02;91,86;0;0,332214765;0,488814318;100;0;0;0;7
Chain_4;Week_18;899,0645;44,4858;100;24,57142857;26,08402957;69;1648,765;64,0553;504,0905;23,3042;81,105;4,6839;273,96;197,84;119,48;0;0,30755161;0,482760752;100;0;0;0;5
Chain_4;Week_19;673,218;32,7735;100;17,71428571;17,89100937;69;1386,597;54,1037;395,925;18,1159;77,875;4,5182;246,25;195,49;33,9;0;0,303441084;0,481751825;100;0;0;0;7
Chain_4;Week_20;1246,7264;52,6881;100;16,71428571;16,38398915;69;1124,16;46,6295;364,306;16,6371;75,84;4,3902;275,46;196,32;187,36;0;0,303441084;0,481751825;100;0;0;0;7
Chain_4;Week_21;1278,1233;58,6736;100;23,85714286;24,99148106;69;1350,4665;52,9994;516,3645;22,8545;75,47;4,3248;275,43;194,84;145,69;0;0,303441084;0,481751825;100;0;0;0;6
Chain_4;Week_22;1287,5411;59,4148;100;17,85714286;17,88389651;69;1120,249;44,9539;508,2025;22,4203;84,18;4,8771;340,62;192,59;182,07;0;0,30322116;0,478954711;100;0;0;0;7
Chain_4;Week_23;1292,5694;59,5747;100;20,57142857;21,44923742;69;1232,3745;50,0891;3069,9815;111,2839;85,965;4,9477;538,57;187,15;353,99;0;0,302927928;0,475225225;100;0;0;0;6
Chain_4;Week_24;1156,0818;53,0158;100;21,42857143;22,28428272;69;1276,375;50,253;1023,8375;41,2687;89,665;5,1865;734,66;221,56;343,32;0;0,302927928;0,475225225;100;0;0;0;7
Chain_4;Week_25;1302,5212;58,4817;100;23,85714286;25,1608307;69;1261,54;49,3553;629,6685;27,1503;87,815;5,0619;521,01;228,77;249,08;0;0,302927928;0,475225225;100;0;0;0;7
Chain_4;Week_26;1112,5887;50,9849;100;24,14285714;25,36985859;69;4078,7445;145,4577;738,448;33,3155;88,825;5,1183;462,93;186,17;170,62;0;0,304733229;0,47800298;100;0;0;0;7
Chain_4;Week_27;1414,7699;63,7272;100;29,85714286;32,35163957;69;1740,7595;66,5281;687,9685;31,7596;101,6;5,7717;17,05;100,51;94,61;0;0,315565032;0,49466951;100;0;0;0;7
Chain_4;Week_28;1230,1558;55,4785;100;24,42857143;25,86813332;69;1532,7195;59,2727;666,844;30,0332;95,47;5,4514;0;248,98;92,62;0;0,315565032;0,49466951;100;0;0;0;7
Chain_4;Week_29;1103,4499;49,7992;100;21,14285714;21,84973152;69;1191,1395;47,4609;623,191;27,8464;83,44;4,7293;0;246,22;84,08;0;0,315565032;0,49466951;100;0;0;0;7
Chain_4;Week_30;1212,1531;54,4718;100;28,85714286;31,15577691;69;1494,8375;60,6183;754,0815;34,3445;76,94;4,4196;416,66;203,94;76,1;0;0,315565032;0,49466951;100;0;0;0;7
Chain_4;Week_31;1284,558;57,8978;100;28,28571429;30,47912477;69;1683,7885;63,9691;680,9375;30,3661;49,08;2,8422;788,08;257,03;103,98;0;0,329547865;0,490729869;100;0;0;0;7
Chain_4;Week_32;1545,1284;70,213;100;22,57142857;23,5811937;69;1454,619;57,1472;708,0295;32,2796;35,27;1,937;892,67;265,47;0;0;0,335140998;0,489154013;100;0;0;0;7
Chain_4;Week_33;1185,5219;54,8408;100;21,28571429;22,12336279;69;1623,449;66,0733;669,7105;30,8442;27,335;1,4349;0;255,87;92,41;0;0,335140998;0,489154013;100;0;0;0;6
Chain_4;Week_34;1558,2845;69,4808;100;26,57142857;28,49493007;69;1010,7285;42,6636;729,452;34,6699;30,385;1,5535;0;216,66;90,93;0;0,335140998;0,489154013;100;0;0;0;7
Chain_4;Week_35;1132,1807;50,7949;100;22,42857143;23,49546732;69;1423,463;57,6903;654,22;29,7453;24,64;1,2599;0;197,23;40,56;0;0,330194843;0,495891531;100;0;0;0;7
Chain_4;Week_36;1029,7823;46,0962;100;20,57142857;21,30384874;69;765,2095;32,6352;725,581;31,8474;23,68;1,2083;0;0,2;100,93;0;0,317829457;0,512735327;100;0;0;0;7
Chain_4;Week_37;1075,7327;48,2172;100;20;20,4602042;69;1155,0115;47,9812;672,5475;29,5548;21,995;1,1216;0;238,53;88,33;0;0,317829457;0,512735327;100;0;0;0;7
Chain_4;Week_38;962,8534;43,8432;100;17,57142857;17,5921811;69;617,527;26,6366;611,825;27,2023;20,8;1,0656;16,65;195,68;70,17;0;0,317829457;0,512735327;100;0;0;0;7
Chain_4;Week_39;1083,7409;49,2387;100;20;20,5663895;69;951,925;38,0929;662,335;28,6529;21,755;1,1159;0;0;98,1;0;0,317829457;0,512735327;100;0;0;0;7
Chain_4;Week_40;1120,7643;50,1475;100;16,85714286;16,6094549;69;974,198;39,0562;804,874;35,1857;22,17;1,1426;0;275,3;0,24;0;0,29753915;0,497762864;100;0;0;0;7
Chain_4;Week_41;928,1251;41,3554;100;12,14285714;10,73376988;69;845,48;33,7604;2269,8465;88,308;19,595;1,0282;0;286,73;100,2;0;0,29753915;0,497762864;100;0;0;0;7
Chain_4;Week_42;968,1;42,9455;100;16;15,84995634;69;899,006;35,9642;932,184;39,9755;30,22;1,7961;0;260,61;66,18;0;0,29753915;0,497762864;100;0;0;0;7
Chain_4;Week_43;871,4884;39,1217;100;7,285714286;5,124253428;69;807,989;33,7181;666,9535;29,3457;30,37;1,9196;0;239,86;103,28;0;0,29753915;0,497762864;100;0;0;0;7
Chain_4;Week_44;855,2543;39,0822;100;7,428571429;5,450894071;69;951,008;40,6862;550,8815;24,5493;39,29;2,424;0;86,69;0;0;0,331891351;0,503825916;100;0;0;0;6
Chain_4;Week_45;889,9437;40,557;100;9;6,454259993;69;1224,715;48,2625;539,1535;23,6826;53,04;3,1482;75,08;175,92;0;0;0,357655502;0,508373206;100;0;0;0;6
Chain_4;Week_46;1118,4621;50,0377;100;4,571428571;2,309292738;69;869,018;36,7939;499,8665;22,2694;67,37;3,9502;133,36;183,1;0;0;0,357655502;0,508373206;100;0;0;0;7
Chain_4;Week_47;884,7568;39,9851;100;7;5,318221802;69;941,246;40,4206;488,018;21,8291;68,16;3,9314;188,39;187,89;0;0;0,357655502;0,508373206;100;0;0;0;7
Chain_4;Week_48;1020,6222;45,8104;100;6,142857143;4,372165063;69;725,3505;31,8233;445,093;19,9703;74,355;4,2722;192,35;152,04;0;0;0,347806791;0,49995878;100;0;0;0;7
Chain_4;Week_49;1119,2798;48,8735;100;-2,714285714;-6,473935991;69;654,1235;29,3143;348,314;15,9972;81,1;4,6578;132,07;278,66;0;0;0,323185012;0,478922717;99,933;0;0;0;7
Chain_4;Week_50;1101,6371;49,5182;100;-2,714285714;-7,08971304;69;1200,313;48,3825;325,019;14,8981;109,765;6,1164;131,45;373,52;0;0;0,323185012;0,478922717;99,9221;0;0;0;7
Chain_4;Week_51;1470,5866;68,1384;100;-6,285714286;-11,96631953;69;1528,9795;62,5724;469,6595;21,6949;123,35;7,0371;135,32;475,63;0;0;0,323185012;0,478922717;99,9563;0;0;0;7
Chain_4;Week_52;875,57;41,1755;99,993;4,571428571;1,554194569;69;1036,7055;42,8474;253,36;12,0287;72,265;4,0981;167,65;739,86;0;0;0,323185012;0,478922717;99,9947;0;0;0;5
Chain_4;Week_53;767,6996;36,3029;100;5;1,436304988;65,57142857;800,601;33,9078;257,7725;12,1765;68,065;3,8408;0,15;489,87;0;0;0,348631187;0,526632235;100;0;0;0;5
Chain_4;Week_54;772,8333;36,3327;100;-2,428571429;-6,88067046;65;581,68;25,545;313,9825;14,3277;76,87;4,3244;151;279,78;0;0;0,352872216;0,534583822;100;0;0;0;7
Chain_4;Week_55;1077,9453;47,51;100;-4,571428571;-9,661903411;65;1020,333;39,8384;302,921;13,8752;77,225;4,3951;1,18;264,57;130,05;0;0,352872216;0,534583822;100;0;0;0;7
Chain_4;Week_56;809,7157;36,8887;100;-8,142857143;-13,58326518;65;1041,9655;41,9282;526,521;22,4228;64,955;3,7466;100,3;268,94;89,49;0;0,352872216;0,534583822;100;0;0;0;7
Chain_4;Week_57;907,8716;40,7914;100;3,428571429;-0,117208606;65;1023,2925;41,5361;364,2445;16,0176;72,055;4,1547;0,16;156,24;114,76;0;0,348007181;0,518509051;100;0;5;0;7
Chain_4;Week_58;955,2816;42,6277;100;0,714285714;-2,497763775;65;1704,989;66,2467;387,2165;17,4151;72,64;4,1616;0;129,16;119,85;0;0,341520468;0,497076023;100;0;1;0;7
Chain_4;Week_59;1031,8524;45,6474;100;-0,285714286;-4,457639238;65;1039,118;41,7197;371,8355;16,3449;62,01;3,6905;0;123,29;60,21;0;0,341520468;0,497076023;100;0;0;0;7
Chain_4;Week_60;921,9675;39,9327;100;-0,857142857;-5,274796441;65;924,7485;37,1749;480,2665;18,8333;49,8;3,1304;0;193,17;93,23;0;0,341520468;0,497076023;100;0;0;0;7
Chain_4;Week_61;881,8128;38,8267;100;4,571428571;0,784187321;65;1262,781;49,9882;304,316;13,7074;51,5;3,2423;0;0;83,98;0;0,358396375;0,503507522;100;0;0;0;7
Chain_4;Week_62;947,0197;41,8244;100;5,142857143;1,734502741;65;1100,562;43,7177;283,9685;13,2659;52,47;3,3097;0;157,08;90,18;0;0,380897583;0,512082854;100;0;0;0;7
Chain_4;Week_63;1137,7258;48,7713;100;-2,142857143;-7,143529901;65;1115,009;44,4227;220,724;10,5484;49,51;3,1327;0;131,85;48,25;0;0,380897583;0,512082854;100;0;0;0;7
Chain_4;Week_64;1050,6552;44,5949;100;-1,285714286;-6,191687914;65;1082,6985;42,3585;202,41;9,7812;49,765;3,1541;71,63;190,16;50,76;0;0,380897583;0,512082854;100;0;0;0;7
Chain_4;Week_65;1520,9963;65,2307;100;1,714285714;-2,40134308;65;1281,173;50,2519;279,1475;13,3199;58,54;3,7116;60,17;0,34;124,25;0;0,380897583;0,512082854;100;0;0;0;6
Chain_4;Week_66;879,4082;37,9656;100;2,285714286;-1,031804236;65;1055,756;41,6412;179,2965;8,7656;42,22;2,6938;115,12;0;118,62;0;0,378424658;0,479452055;100;0;0;0;6
Chain_4;Week_67;1503,1021;62,8605;100;10,14285714;8,754194793;65;1586,901;61,596;247,2085;11,7733;50,14;3,179;196,56;0;100,4;0;0,378424658;0,479452055;100;0;0;0;7
Chain_4;Week_68;1467,8002;62,6411;100;16,28571429;16,10845981;65;1475,7995;58,4691;309,172;14,6513;54,43;3,392;167,86;153,82;84,67;0;0,378424658;0,479452055;100;0;0;0;7
Chain_4;Week_69;1741,4956;72,5369;100;18,42857143;18,52658705;65;1109,175;45,6327;334,53;15,9688;65,19;3,6836;191,84;241,36;91,1;0;0,378424658;0,479452055;100;0;0;0;7
Chain_4;Week_70;1732,5965;73,473;100;15,85714286;15,57906676;65;904,679;38,5371;385,6535;17,8773;72,93;3,7884;227,96;353,13;160,23;0;0,423961953;0,462545096;100;0;0;0;5
Chain_4;Week_71;1546,2755;66,0813;100;22,57142857;23,55289299;65;1641,7345;65,6985;330,1385;15,9224;75,69;4,5678;157,99;307,48;112,56;0;0,442176871;0,455782313;100;0;0;0;7
Chain_4;Week_72;1910,3047;79,754;100;22,85714286;23,91208463;65;1530,13;60,4565;442,137;21,0361;234,03;12,1034;161,92;301,62;104,63;0;0,442176871;0,455782313;100;0;0;0;6
Chain_4;Week_73;1639,6164;69,0139;100;16,85714286;16,58340619;65;1977,183;76,9385;665,9695;27,9758;547,485;25,2206;175,76;328,42;138,25;98,86;0,442176871;0,455782313;100;0;0;0;7
Chain_4;Week_74;1586,2419;67,304;100;19;19,07634678;65;1363,1275;53,6214;543,377;23,4965;590,85;26,5045;156,04;231,71;143,77;125,93;0,43049921;0,459793239;100;0;0;0;6
Chain_4;Week_75;1435,2691;60,9015;100;22,42857143;23,47889959;65;1359,472;53,4509;319,723;15,3542;519,84;23,2828;170,53;104,39;258,82;115,68;0,401305057;0,469820555;100;0;0;0;7
Chain_4;Week_76;1599,4346;68,8529;100;22,42857143;23,57550941;65;1528,96;59,7547;372,8695;18,0971;470,725;21,3929;112,62;247,93;161,11;114,76;0,401305057;0,469820555;100;0;0;0;7
Chain_4;Week_77;1615,3018;71,1359;100;27;28,96092366;65;1686,2395;67,1971;452,011;22,3554;428,015;20,1975;6,61;240,5;179,02;87,05;0,401305057;0,469820555;100;0;0;0;7
Chain_4;Week_78;1557,2687;67,87;100;20,85714286;21,62237961;65;1336,523;53,4572;371,442;18,048;494,46;22,3177;9,26;203,63;195,47;0;0,401305057;0,469820555;100;0;0;0;7
Chain_4;Week_79;6559,1516;237,6598;100;25,71428571;27,41997407;65;1289,7265;51,7729;451,432;22,2811;314,53;15,8009;229,76;238,28;92,74;0;0,369426752;0,503184713;100;0;0;0;7
Chain_4;Week_80;1534,7864;66,2855;100;23,14285714;24,31787191;65;1314,818;53,0916;534,124;25,559;314,835;16,0107;214,53;174,56;85,53;0;0,369426752;0,503184713;100;0;0;0;7
Chain_4;Week_81;1238,1751;55,0393;100;23,85714286;25,10918859;65;1824,061;72,1173;623,1995;28,3694;510,575;22,3664;223,9;204,12;84,23;0;0,369426752;0,503184713;100;0;0;0;7
Chain_4;Week_82;1311,1073;59,098;100;25,42857143;27,06275019;65;1674,286;66,453;633,0355;29,7227;220,64;11,3683;236,4;174,63;81,79;0;0,369426752;0,503184713;100;0;0;0;7
Chain_4;Week_83;1442,5913;64,8568;100;28,42857143;30,64627871;65;1198,2965;49,7639;589,0925;28,5531;220,24;11,6851;6,6;217,97;103,16;0;0,324492379;0,48890238;100;0;0;0;7
Chain_4;Week_84;1079,0837;50,7293;100;29,28571429;31,67666188;65;1417,6145;58,6442;586,0495;29,015;153,585;9,0512;228,07;235,93;92,16;0;0,290791599;0,47819063;100;0;0;0;7
Chain_4;Week_85;1037,8619;48,1176;100;23,71428571;25,08411241;65;1367,4695;56,6377;868,5485;37,8167;204,715;10,8356;262,49;228,87;107,08;0;0,290791599;0,47819063;100;0;0;0;6
Chain_4;Week_86;871,4368;40,7692;100;21;21,71403651;65;1227,232;51,2986;423,6745;20,4556;183,39;9,8585;246,47;191,22;59,97;0;0,290791599;0,47819063;100;0;0;0;7
Chain_4;Week_87;918,0026;42,8868;100;21,42857143;22,33324196;65;1129,0435;47,0535;452,182;22,0164;107,04;6,3831;13,59;17,3;58,29;0;0,29405281;0,470041533;100;0;0;0;7
Chain_4;Week_88;2462,0793;101,9797;100;20,14285714;20,70467111;65;1015,5415;42,1419;326,4615;16,079;116,445;6,4811;234,24;224,13;20,22;0;0,313620072;0,421146953;100;0;0;0;7
Chain_4;Week_89;1634,8163;69,1264;100;16,57142857;16,80407382;65;1860,736;72,7477;286,4225;13,99;153,81;8,2424;218;187,17;139,28;0;0,313620072;0,421146953;100;0;0;0;7
Chain_4;Week_90;2054,6672;85,4466;100;15,42857143;14,93719551;65;898,9865;37,6774;271,181;13,243;102,455;5,7898;124,06;11,01;107,37;0;0,313620072;0,421146953;100;0;0;0;7
Chain_4;Week_91;1494,8899;63,3526;100;12,85714286;11,57477116;65;755,111;32,2161;243,818;11,855;72,155;4,3997;14,59;0;99,19;0;0,313620072;0,421146953;100;0;0;0;7
Chain_4;Week_92;663,1494;31,8088;100;11,57142857;10,46448898;65;859,276;35,9009;371,7475;17,5414;163,57;8,3076;17,92;0;112,3;0;0,336408169;0,45633469;100;0;0;0;7
Chain_4;Week_93;627,3286;30,8856;100;15,57142857;15,32199369;65;695,095;29,8555;721,47;30,3739;205,88;10,1878;31,05;0;104,64;0;0,340206186;0,462199313;100;0;0;0;7
Chain_4;Week_94;548,4465;26,9454;100;12,42857143;11,66528791;65;625,6645;26,8089;533,6725;23,0399;180,765;9,0336;32,95;703,66;130,76;0;0,340206186;0,462199313;100;0;0;0;7
Chain_4;Week_95;605,253;29,6748;100;18,42857143;18,76965777;65;579,816;25,1298;619,8885;25,8066;200,185;9,8222;15,61;441,25;79,4;0;0,340206186;0,462199313;100;0;0;0;7
Chain_4;Week_96;1843,1919;78,1143;100;14,57142857;13,79116371;65;514,341;22,6131;463,1965;20,5207;116,655;6,2137;19,68;266,37;75,54;0;0,309496922;0,44735468;100;0;0;0;6
Chain_4;Week_97;866,1904;42,5393;100;10,71428571;9,326631808;65;814,1535;35,6036;788,9635;34,0938;155,485;7,9129;20,27;251,45;60,31;0;0,268551237;0,427561837;100;0;0;0;7
Chain_4;Week_98;678,7059;32,8649;100;6;3,853051021;65;732,3895;31,7403;372,295;17,0582;139,42;6,7299;37,52;0,33;17,44;0;0,268551237;0,427561837;100;5;0;0;6
Chain_4;Week_99;789,4714;36,7275;100;8,428571429;6,807958657;65;736,423;32,2771;284,1065;13,7251;260,71;10,4064;49,05;237,84;86,32;0;0,268551237;0,427561837;100;7;0;0;7
Chain_4;Week_100;688,3256;32,5409;100;3,714285714;-0,288211536;65;727,397;30,7439;213,256;10,5362;133,805;6,2709;19,34;207,95;48,27;0;0,273432644;0,43305106;100;1;0;0;7
Chain_4;Week_101;566,8645;28,1693;100;2,285714286;-2,85824361;65;966,6955;40,1184;266,343;12,9556;70,085;4,4515;5,8;0,36;0;0;0,302721088;0,465986395;100;0;0;0;7
Chain_4;Week_102;662,287;32,3354;100;3,142857143;-0,105867665;65;950,2235;40,5141;514,212;24,2232;75,37;4,7301;8,41;264,31;0;0;0,302721088;0,465986395;100;0;0;0;7
Chain_4;Week_103;1055,317;50,017;100;4,285714286;1,902760632;65;841,69;37,1446;476,3945;23,2022;90,82;5,6819;9,54;0,35;0;0;0,302721088;0,465986395;100;0;0;0;7
Chain_4;Week_104;4497,6145;158,8776;100;9;6,872232197;65;635,7435;27,6497;304,881;14,9654;68,195;4,2127;5,94;147,51;0;0;0,302721088;0,465986395;100;0;0;0;5
Chain_4;Week_105;1623,0405;64,0535;100;4,571428571;2,242936137;65;677,605;30,3077;343,3145;17,297;82,21;4,9632;0;82,78;0;0;0,313764467;0,445326782;100;0;0;0;6
Chain_4;Week_106;470,1227;22,7109;100;7;3,910784151;65;927,96;39,4018;546,1165;22,5186;58,9;3,5609;0;0;0;0;0,318181818;0,437062937;100;0;0;0;6
Chain_4;Week_107;1044,2805;42,3637;100;-0,571428571;-5,147917386;65;770,746;32,84;209,6185;10,0362;56,655;3,548;0;0;98,22;0;0,318181818;0,437062937;100;0;0;0;7
Chain_4;Week_108;637,0082;29,6899;100;-8,428571429;-15,65506681;65;1654,1745;65,2295;172,962;8,5395;59,605;3,6046;0;0;103,37;0;0,318181818;0,437062937;100;0;0;0;7
Chain_4;Week_109;1211,1565;50,332;100;-6,571428571;-14,8978574;65;794,127;33,1154;221,954;10,934;59,61;3,688;0;0;39,01;0;0,315429923;0,423711976;100;0;0;0;7
Chain_4;Week_110;418,6653;20,7971;100;5;2,721221842;65;378,859;18,0427;220,81;10,9416;68,17;3,9594;60,73;0;0;0;0,308550186;0,390334572;100;0;0;0;7
Chain_4;Week_111;543,6743;27,3031;100;6;3,974826995;65;498,158;22,6407;239,3225;11,6887;61,65;3,8324;76,59;0;82,07;0;0,308550186;0,390334572;100;0;5;0;7
Chain_4;Week_112;451,8253;23,0711;100;8,571428571;7,46009522;65;574,086;26,1587;273,592;13,126;57,895;3,6698;86,72;0;103,43;0;0,308550186;0,390334572;100;0;7;0;7
Chain_4;Week_113;364,5744;19,3451;100;6,142857143;3,446489586;65;1087,8155;42,6181;271,28;13,093;61,15;3,7967;0;0;109,13;0;0,304935898;0,391364521;100;0;7;0;7
Chain_4;Week_114;402,6073;21,6992;100;8,428571429;6,551598702;65;854,4505;38,3217;247,27;12,32;107,145;5,5229;0;0;122,59;0;0,295900178;0,393939394;100;0;1;0;7
Chain_4;Week_115;504,0209;25,4461;100;11,85714286;10,56476405;65;599,321;27,1421;1467,1815;53,136;93,4;4,9932;0;0;110,81;0;0,295900178;0,393939394;100;0;0;0;7
Chain_4;Week_116;449,4305;23,3148;100;14;12,64024643;65;617,3905;28,5415;283,5315;12,8192;86,5;4,7632;0;0;92,28;0;0,295900178;0,393939394;100;0;0;0;7
Chain_4;Week_117;343,3365;18,7098;100;11,85714286;11,06002082;65;498,77;23,3252;190,153;9,9395;69,56;4,289;0;0;134,45;0;0,295900178;0,393939394;100;0;0;0;7
Chain_5;Week_1;427,9322;22,1462;100;5,857142857;2,50450724;181;369,6715;17,68;256,1805;12,0013;28,53;1,7279;0;140,27;0;0;0,291713961;0,48354143;100;0;0;0;6
Chain_5;Week_2;482,7751;24,9866;100;3,428571429;-0,803020557;181;500,1455;23,5711;299,722;14,3683;25,22;1,4982;0;0;0;0;0,291713961;0,48354143;100;0;0;0;7
Chain_5;Week_3;506,4676;25,6491;100;0,428571429;-3,555553147;181;485,149;22,7314;309,4225;14,692;18,445;1,0854;0;0;106,79;0;0,291713961;0,48354143;100;0;0;0;7
Chain_5;Week_4;435,9772;22,5062;100;-3,428571429;-8,613677335;181;456,7415;21,2026;568,0575;25,01;21,825;1,31;0;0;109,69;0;0,291713961;0,48354143;100;0;0;0;7
Chain_5;Week_5;578,5094;28,2785;100;-12,14285714;-18,13056577;180,2857143;381,286;17,9469;351,816;16,1075;44,15;2,773;0;0;82,71;0;0,325448494;0,505599749;100;0;0;0;7
Chain_5;Week_6;483,3014;24,4761;100;-8,714285714;-13,2028214;180;418,83;19,4531;290,6915;13,8362;49,905;3,1804;0;0;88,99;0;0,338942308;0,514423077;100;0;0;0;7
Chain_5;Week_7;434,8062;22,4094;100;-1,142857143;-5,219147745;180;1753,843;61,9698;700,9655;27,3871;52,005;3,2745;0;0;73,04;0;0,338942308;0,514423077;100;0;0;0;7
Chain_5;Week_8;466,0199;23,4861;100;4,857142857;0,668458644;180;443,8425;20,2378;333,8365;15,1467;50,775;3,1777;0;0;152,33;0;0,338942308;0,514423077;100;0;0;0;7
Chain_5;Week_9;411,3703;20,9358;100;5,285714286;1,792372405;180;385,321;18,1116;267,8905;12,7159;50,315;3,1187;119,27;0;157,82;0;0,34069862;0,498092013;100;0;0;0;7
Chain_5;Week_10;421,6462;21,3449;100;3,285714286;-0,06621014;180;434,403;19,9156;252,705;12,1881;51,905;3,2168;186,25;0;1,29;0;0,342015855;0,485843715;100;0;0;0;7
Chain_5;Week_11;476,6825;23,9151;100;10,57142857;9,068998785;180;418,3175;19,466;265,8555;12,924;55,105;3,3737;175,43;0;0,48;0;0,342015855;0,485843715;100;0;0;0;7
Chain_5;Week_12;447,8803;22,861;100;13,42857143;12,03145854;180;803,6485;34,5775;253,2665;12,3849;55,6;3,4015;186,88;0;151,84;0;0,342015855;0,485843715;100;0;0;0;7
Chain_5;Week_13;460,8207;23,373;100;10,28571429;7,644374872;180;481,895;21,9453;249,228;12,2345;55,115;3,4437;213,31;0;180,6;0;0,340615699;0,486268086;100;0;0;0;7
Chain_5;Week_14;579,1479;29,1715;100;7,285714286;4,689892247;180;502,7515;23,0178;293,9685;14,5126;55,88;3,4965;304,01;0;150,1;0;0,332214765;0,488814318;100;0;0;0;6
Chain_5;Week_15;399,9886;20,2183;100;13,42857143;12,35271188;180;399,3975;18,1092;287,789;14,3006;53,205;3,2579;302,08;0;164,32;0;0,332214765;0,488814318;100;0;0;0;6
Chain_5;Week_16;499,7565;25,0823;100;13,57142857;12,69347323;180;426,2335;19,5266;263,9285;12,9718;62,02;3,8117;295,72;0;98,14;0;0,332214765;0,488814318;100;0;0;0;7
Chain_5;Week_17;552,3238;28,1711;100;22;22,84619851;180;753,2515;32,4514;326,7635;15,9556;76,51;4,5957;298,6;89,02;91,86;0;0,332214765;0,488814318;100;0;0;0;7
Chain_5;Week_18;489,8685;25,7868;100;24,57142857;26,08402957;180;532,6125;23,1343;300,443;14,6591;70,75;4,2533;273,96;197,84;119,48;0;0,30755161;0,482760752;100;0;0;0;5
Chain_5;Week_19;419,5785;22,1564;100;17,71428571;17,89100937;180;514,395;22,6994;255,4825;12,5801;73,33;4,3874;246,25;195,49;33,9;0;0,303441084;0,481751825;100;0;0;0;7
Chain_5;Week_20;506,35;25,1508;100;16,71428571;16,38398915;180;708,1365;30,7202;381,613;16,238;69,575;4,1955;275,46;196,32;187,36;0;0,303441084;0,481751825;100;0;0;0;7
Chain_5;Week_21;638,0326;31,9806;100;23,85714286;24,99148106;180;561,575;24,3646;491,0085;22,0742;70,95;4,2682;275,43;194,84;145,69;0;0,303441084;0,481751825;100;0;0;0;6
Chain_5;Week_22;555,3829;28,0731;100;17,85714286;17,88389651;180;512,183;22,7538;385,4045;17,754;72,955;4,4187;340,62;192,59;182,07;0;0,30322116;0,478954711;100;0;0;0;7
Chain_5;Week_23;631,1462;32,0587;100;20,57142857;21,44923742;180;513,7405;22,9754;2432,341;89,1064;76,255;4,6018;538,57;187,15;353,99;0;0,302927928;0,475225225;100;0;0;0;6
Chain_5;Week_24;651,9979;32,8842;100;21,42857143;22,28428272;180;439,805;20,1882;1211,171;48,8043;84,495;5,0903;734,66;221,56;343,32;0;0,302927928;0,475225225;100;0;0;0;7
Chain_5;Week_25;792,664;37,8214;100;23,85714286;25,1608307;180;415,044;19,0276;702,601;30,1987;83,69;5,0417;521,01;228,77;249,08;0;0,302927928;0,475225225;100;0;0;0;7
Chain_5;Week_26;588,4385;29,6025;100;24,14285714;25,36985859;179,7142857;1910,599;70,6383;721,8285;31,6623;86,855;5,2283;462,93;186,17;170,62;0;0,304733229;0,47800298;100;0;0;0;7
Chain_5;Week_27;848,2362;40,5788;100;29,85714286;32,35163957;178;584,3395;25,8756;736,9755;32,7672;91,315;5,4873;17,05;100,51;94,61;0;0,315565032;0,49466951;100;0;0;0;7
Chain_5;Week_28;671,928;32,6292;100;24,42857143;25,86813332;178;473,175;21,581;736,038;32,3065;85,585;5,1383;0;248,98;92,62;0;0,315565032;0,49466951;100;0;0;0;7
Chain_5;Week_29;620,5045;30,4343;100;21,14285714;21,84973152;178;454,8355;20,5723;589,3875;26,0088;75,82;4,5205;0;246,22;84,08;0;0,315565032;0,49466951;100;0;0;0;7
Chain_5;Week_30;667,0365;32,9746;100;28,85714286;31,15577691;178;571,5645;25,4126;684,329;30,2959;75,98;4,4806;416,66;203,94;76,1;0;0,315565032;0,49466951;100;0;0;0;7
Chain_5;Week_31;640,1156;31,5599;100;28,28571429;30,47912477;178;563,2405;24,3709;674,548;29,9765;55,26;3,2177;788,08;257,03;103,98;0;0,329547865;0,490729869;100;0;0;0;7
Chain_5;Week_32;980,9323;45,7284;100;22,57142857;23,5811937;178;533,3335;23,4569;614,002;27,6175;44,19;2,5224;892,67;265,47;0;0;0,335140998;0,489154013;100;0;0;0;7
Chain_5;Week_33;570,0321;28,3186;100;21,28571429;22,12336279;178;1031,4235;43,1163;545,647;24,8498;33,55;1,8547;0;255,87;92,41;0;0,335140998;0,489154013;100;0;0;0;6
Chain_5;Week_34;822,5826;39,0727;99,9986;26,57142857;28,49493007;178;919,176;37,4633;566,564;27,0594;37,675;2,049;0;216,66;90,93;0;0,335140998;0,489154013;100;0;0;0;7
Chain_5;Week_35;496,4837;25,1453;99,9968;22,42857143;23,49546732;178;846,8815;35,3525;768,2855;33,5825;31,9;1,6975;0;197,23;40,56;0;0,330194843;0,495891531;99,9968;0;0;0;7
Chain_5;Week_36;506,527;25,225;99,9996;20,57142857;21,30384874;178;501,9685;22,38;554,996;25,5851;28,92;1,5284;0;0,2;100,93;0;0,317829457;0,512735327;99,9996;0;0;0;7
Chain_5;Week_37;484,723;24,4184;100;20;20,4602042;178;705,0515;30,7496;537,3035;25,0569;30,73;1,6056;0;238,53;88,33;0;0,317829457;0,512735327;100;0;0;0;7
Chain_5;Week_38;486,5941;24,4417;99,9999;17,57142857;17,5921811;178;422,282;19,2242;592,9215;27,2819;27,985;1,4672;16,65;195,68;70,17;0;0,317829457;0,512735327;99,9999;0;0;0;7
Chain_5;Week_39;540,9122;27,5256;99,9992;20;20,5663895;178;449,733;20,0768;562,304;25,9806;28,505;1,4938;0;0;98,1;0;0,317829457;0,512735327;99,9992;0;0;0;7
Chain_5;Week_40;493,861;25,0563;99,9973;16,85714286;16,6094549;178;418,668;18,8745;608,98;28,1121;27,71;1,4491;0;275,3;0,24;0;0,29753915;0,497762864;99,9973;0;0;0;7
Chain_5;Week_41;448,5775;22,6789;99,9996;12,14285714;10,73376988;178;356,036;16,2391;1545,142;61,4418;26,425;1,4289;0;286,73;100,2;0;0,29753915;0,497762864;99,9996;0;0;0;7
Chain_5;Week_42;427,5486;21,9852;99,9999;16;15,84995634;178;364,345;16,5848;860,9035;38,2591;32,765;1,9058;0;260,61;66,18;0;0,29753915;0,497762864;99,9999;0;0;0;7
Chain_5;Week_43;422,5455;21,7749;99,9992;7,285714286;5,124253428;178;365,481;16,8221;614,4885;28,3242;33,86;2,0588;0;239,86;103,28;0;0,29753915;0,497762864;99,9992;0;0;0;7
Chain_5;Week_44;406,2071;20,7488;99,9998;7,428571429;5,450894071;178;545,6215;23,9843;517,6675;23,8864;38,89;2,3477;0;86,69;0;0;0,331891351;0,503825916;99,9998;0;0;0;6
Chain_5;Week_45;447,3149;22,2873;100;9;6,454259993;178;454,551;19,7216;524,341;23,6581;54,73;3,2222;75,08;175,92;0;0;0,357655502;0,508373206;100;0;0;0;6
Chain_5;Week_46;493,9197;24,4066;100;4,571428571;2,309292738;178;387,664;17,7181;527,1155;24,0549;64,39;3,8444;133,36;183,1;0;0;0,357655502;0,508373206;99,9997;0;0;0;7
Chain_5;Week_47;444,8193;22,2058;99,9998;7;5,318221802;178;422,1815;19,2919;501,8165;23,063;65,385;3,9495;188,39;187,89;0;0;0,357655502;0,508373206;99,9998;0;0;0;7
Chain_5;Week_48;455,5423;22,9203;99,9993;6,142857143;4,372165063;177,4285714;382,145;17,6553;409,0805;19,3506;65,05;3,9258;192,35;152,04;0;0;0,347806791;0,49995878;99,9993;0;0;0;7
Chain_5;Week_49;454,1696;22,9865;100;-2,714285714;-6,473935991;176;324,8105;15,3839;325,783;15,919;61,87;3,7566;132,07;278,66;0;0;0,323185012;0,478922717;100;0;0;0;7
Chain_5;Week_50;522,9952;26,0007;100;-2,714285714;-7,08971304;176;444,819;19,6506;290,923;14,2853;72,565;4,3195;131,45;373,52;0;0;0,323185012;0,478922717;100;0;0;0;7
Chain_5;Week_51;658,5961;33,2738;99,9107;-6,285714286;-11,96631953;176;612,2735;26,887;356,481;17,5481;87,58;5,2719;135,32;475,63;0;0;0,323185012;0,478922717;99,9568;0;0;0;7
Chain_5;Week_52;445,7061;22,6145;99,9582;4,571428571;1,554194569;176;405,659;17,8321;232,664;11,6176;54,615;3,3111;167,65;739,86;0;0;0,323185012;0,478922717;99,9582;0;0;0;5
Chain_5;Week_53;421,9502;21,573;99,9879;5;1,436304988;175,1428571;391,859;17,5787;301,289;14,7339;56,23;3,3961;0,15;489,87;0;0;0,348631187;0,526632235;99,9879;0;0;0;5
Chain_5;Week_54;419,8443;21,5782;100;-2,428571429;-6,88067046;175;497,3145;22,3245;286,0755;14,1867;65,725;3,9844;151;279,78;0;0;0,352872216;0,534583822;100;0;0;0;7
Chain_5;Week_55;578,6323;27,8675;99,9997;-4,571428571;-9,661903411;175;480,3575;20,6319;283,899;13,8364;62,02;3,7782;1,18;264,57;130,05;0;0,352872216;0,534583822;99,9997;0;0;0;7
Chain_5;Week_56;447,6618;22,1959;99,9995;-8,142857143;-13,58326518;175;500,9725;21,4022;407,7595;18,618;61,795;3,7735;100,3;268,94;89,49;0;0,352872216;0,534583822;99,9995;0;0;0;7
Chain_5;Week_57;442,4184;22,0252;100;3,428571429;-0,117208606;174,1428571;557,783;23,5726;382,413;17,7706;63,355;3,8745;0,16;156,24;114,76;0;0,348007181;0,518509051;100;0;0;0;7
Chain_5;Week_58;457,4845;22,7204;100;0,714285714;-2,497763775;173;717,176;29,5154;400,8205;18,6118;67,96;4,0886;0;129,16;119,85;0;0,341520468;0,497076023;100;0;0;0;7
Chain_5;Week_59;451,473;22,7845;100;-0,285714286;-4,457639238;173;513,407;22,5321;403,854;18,8656;62,735;3,8294;0;123,29;60,21;0;0,341520468;0,497076023;100;0;0;0;7
Chain_5;Week_60;490,345;23,0986;100;-0,857142857;-5,274796441;173;437,795;19,4595;581,809;23,1765;60,08;3,6965;0;193,17;93,23;0;0,341520468;0,497076023;100;0;0;0;7
Chain_5;Week_61;413,2275;21,034;99,9468;4,571428571;0,784187321;173;504,824;21,825;354,436;16,4072;61,505;3,8177;0;0;83,98;0;0,358396375;0,503507522;100;0;0;0;7
Chain_5;Week_62;484,6887;24,1996;99,9724;5,142857143;1,734502741;173;535,1085;22,9239;284,1625;14,0624;60,19;3,746;0;157,08;90,18;0;0,380897583;0,512082854;99,9994;0;0;0;7
Chain_5;Week_63;436,1479;21,6021;99,9986;-2,142857143;-7,143529901;173;450,0475;19,5638;227,2305;11,5628;56,335;3,5098;0;131,85;48,25;0;0,380897583;0,512082854;99,9986;0;0;0;7
Chain_5;Week_64;494,0962;23,4743;100;-1,285714286;-6,191687914;173;435,368;19,0845;222,968;11,3729;57,025;3,5657;71,63;190,16;50,76;0;0,380897583;0,512082854;100;0;0;0;7
Chain_5;Week_65;523,5002;25,816;100;1,714285714;-2,40134308;173;506,589;21,805;317,651;15,5739;59,93;3,7692;60,17;0,34;124,25;0;0,380897583;0,512082854;100;0;0;0;6
Chain_5;Week_66;325,7714;16,4728;100;2,285714286;-1,031804236;172;529,681;22,4304;171,0615;8,8006;47,64;2,9928;115,12;0;118,62;0;0,378424658;0,479452055;100;0;0;0;6
Chain_5;Week_67;652,4493;30,2568;99,9342;10,14285714;8,754194793;172;591,516;25,1933;246,96;12,5337;60,875;3,7918;196,56;0;100,4;0;0,378424658;0,479452055;100;0;0;0;7
Chain_5;Week_68;557,6317;27,7335;99,9886;16,28571429;16,10845981;172;672,8495;28,6638;311,748;15,611;65,62;4,0185;167,86;153,82;84,67;0;0,378424658;0,479452055;100;0;0;0;7
Chain_5;Week_69;608,0317;29,6672;100;18,42857143;18,52658705;172;426,6855;19,6853;362,385;18,0508;76,38;4,4333;191,84;241,36;91,1;0;0,378424658;0,479452055;100;0;0;0;7
Chain_5;Week_70;563,3965;27,6913;100;15,85714286;15,57906676;170,5714286;421,2975;19,1641;291,6145;14,7101;64,83;3,6038;227,96;353,13;160,23;0;0,423961953;0,462545096;100;0;0;0;5
Chain_5;Week_71;574,3358;28,9172;99,9688;22,57142857;23,55289299;170;604,638;26,5322;322,435;16,6939;85,945;5,1135;157,99;307,48;112,56;0;0,442176871;0,455782313;99,9688;0;0;0;7
Chain_5;Week_72;705,6633;33,3269;100;22,85714286;23,91208463;170;580,8275;24,8881;415,313;20,17;97,66;5,6054;161,92;301,62;104,63;0;0,442176871;0,455782313;100;0;0;0;6
Chain_5;Week_73;687,5846;32,7015;100;16,85714286;16,58340619;170;789,537;32,2131;389,092;18,329;166,66;8,4533;175,76;328,42;138,25;98,86;0,442176871;0,455782313;100;0;0;0;7
Chain_5;Week_74;588,4922;28,4108;100;19;19,07634678;168,8571429;687,0435;28,4006;350,6315;16,5527;193,235;9,4231;156,04;231,71;143,77;125,93;0,43049921;0,459793239;100;0;0;0;6
Chain_5;Week_75;697,6762;33,2778;100;22,42857143;23,47889959;166;533,1405;22,8848;306,9655;15,2802;180,865;9,0023;170,53;104,39;258,82;115,68;0,401305057;0,469820555;100;0;0;0;7
Chain_5;Week_76;673,9772;32,4792;100;22,42857143;23,57550941;166;499,5815;21,8898;380,07;19,0374;174,94;8,9415;112,62;247,93;161,11;114,76;0,401305057;0,469820555;100;0;0;0;7
Chain_5;Week_77;730,9177;35,8654;99,9334;27;28,96092366;166;617,567;27,338;455,96;22,9554;192,33;9,8405;6,61;240,5;179,02;87,05;0,401305057;0,469820555;100;0;0;0;7
Chain_5;Week_78;628,91;30,1053;99,9751;20,85714286;21,62237961;166;454,11;20,206;372,0535;18,4344;193,925;9,4925;9,26;203,63;195,47;0;0,401305057;0,469820555;99,9751;0;0;0;7
Chain_5;Week_79;3908,4124;142,9112;100;25,71428571;27,41997407;164;478,8;21,034;435,7725;21,7571;161,565;8,5871;229,76;238,28;92,74;0;0,369426752;0,503184713;100;0;0;0;7
Chain_5;Week_80;926,3422;42,6761;100;23,14285714;24,31787191;164;545,4065;23,7698;553,89;26,5431;160,645;8,5365;214,53;174,56;85,53;0;0,369426752;0,503184713;100;0;0;0;7
Chain_5;Week_81;676,178;33,1121;100;23,85714286;25,10918859;164;625,2425;27,153;488,5785;24,0738;191,16;9,2933;223,9;204,12;84,23;0;0,369426752;0,503184713;100;0;0;0;7
Chain_5;Week_82;739,7252;36,3217;100;25,42857143;27,06275019;164;605,4505;26,1829;600,671;28,3383;126,905;7,085;236,4;174,63;81,79;0;0,369426752;0,503184713;100;0;0;0;7
Chain_5;Week_83;649,2945;32,2923;100;28,42857143;30,64627871;164;602,392;26,5405;560,8525;27,4886;130,62;7,3773;6,6;217,97;103,16;0;0,324492379;0,48890238;100;0;0;0;7
Chain_5;Week_84;650,6092;32,508;100;29,28571429;31,67666188;164;649,062;29,1352;561,7825;28,1636;124,785;7,1994;228,07;235,93;92,16;0;0,290791599;0,47819063;100;0;0;0;7
Chain_5;Week_85;593,5321;29,5143;100;23,71428571;25,08411241;164;556,825;24,6992;446,967;22,2596;124,49;6,8332;262,49;228,87;107,08;0;0,290791599;0,47819063;100;0;0;0;6
Chain_5;Week_86;529,7346;26,4376;100;21;21,71403651;164;638,154;28,2319;354,0575;17,9998;127,67;6,978;246,47;191,22;59,97;0;0,290791599;0,47819063;100;0;0;0;7
Chain_5;Week_87;572,723;28,3224;100;21,42857143;22,33324196;164;493,952;21,7957;347,2975;17,2707;92,92;5,4129;13,59;17,3;58,29;0;0,29405281;0,470041533;100;0;0;0;7
Chain_5;Week_88;1050,2359;46,4447;100;20,14285714;20,70467111;164;470,5045;20,7351;289,414;14,6651;99,52;5,6896;234,24;224,13;20,22;0;0,313620072;0,421146953;100;0;0;0;7
Chain_5;Week_89;934,1418;41,1366;100;16,57142857;16,80407382;164;626,11;26,161;239,0435;12,2027;99,25;5,6334;218;187,17;139,28;0;0,313620072;0,421146953;100;0;0;0;7
Chain_5;Week_90;803,6159;35,8757;100;15,42857143;14,93719551;164;441,6865;19,7278;226,742;11,5218;83,82;4,921;124,06;11,01;107,37;0;0,313620072;0,421146953;100;0;0;0;7
Chain_5;Week_91;582,8875;27,2935;100;12,85714286;11,57477116;164;376,328;16,9271;211,111;10,7407;74,45;4,5053;14,59;0;99,19;0;0,313620072;0,421146953;100;0;0;0;7
Chain_5;Week_92;398,1194;20,6597;100;11,57142857;10,46448898;164;361,827;16,5985;286,882;14,282;89,405;5,1557;17,92;0;112,3;0;0,336408169;0,45633469;100;0;0;0;7
Chain_5;Week_93;391,3661;20,6753;100;15,57142857;15,32199369;164;289,251;14,3052;336,1225;16,4128;116,93;6,5099;31,05;0;104,64;0;0,340206186;0,462199313;100;0;0;0;7
Chain_5;Week_94;352,7164;18,6322;99,9487;12,42857143;11,66528791;164;279,8405;13,3708;317,6555;15,552;105,435;5,9222;32,95;703,66;130,76;0;0,340206186;0,462199313;100;0;0;0;7
Chain_5;Week_95;353,7312;18,7872;100;18,42857143;18,76965777;164;305,349;14,4819;310,37;15,0164;108,2;6,0921;15,61;441,25;79,4;0;0,340206186;0,462199313;100;0;0;0;7
Chain_5;Week_96;610,9198;28,9412;100;14,57142857;13,79116371;163,5714286;290,446;13,7008;276,5215;13,519;83,78;4,8712;19,68;266,37;75,54;0;0,309496922;0,44735468;100;0;0;0;6
Chain_5;Week_97;440,3911;23,4237;100;10,71428571;9,326631808;163;490,518;22,3903;342,2075;16,8004;96,155;5,7507;20,27;251,45;60,31;0;0,268551237;0,427561837;100;0;0;0;7
Chain_5;Week_98;370,3444;18,6635;100;6;3,853051021;163;398,801;17,8542;240,986;11,9849;76,445;4,5302;37,52;0,33;17,44;0;0,268551237;0,427561837;100;0;0;0;6
Chain_5;Week_99;424,1136;21,0055;100;8,428571429;6,807958657;163;454,5965;20,1524;235,947;11,7791;92,93;5,1888;49,05;237,84;86,32;0;0,268551237;0,427561837;100;0;0;0;7
Chain_5;Week_100;381,9071;19,8069;100;3,714285714;-0,288211536;162,8571429;339,898;15,895;212,837;10,9691;80,295;4,8924;19,34;207,95;48,27;0;0,273432644;0,43305106;100;0;0;0;7
Chain_5;Week_101;346,7218;18,3872;100;2,285714286;-2,85824361;162;372,2065;17,1403;205,102;10,6146;72,565;4,5771;5,8;0,36;0;0;0,302721088;0,465986395;100;0;0;0;7
Chain_5;Week_102;369,9134;19,5859;100;3,142857143;-0,105867665;162;395,2535;18,5391;255,4255;13,0156;75,065;4,7267;8,41;264,31;0;0;0,302721088;0,465986395;100;0;0;0;7
Chain_5;Week_103;533,0598;27,0276;100;4,285714286;1,902760632;162;361,391;17,6234;318,604;16,1055;84,27;5,2947;9,54;0,35;0;0;0,302721088;0,465986395;100;0;0;0;7
Chain_5;Week_104;2222,7049;81,7433;100;9;6,872232197;162;291,4985;13,9429;216,589;11,0445;65;4,0692;5,94;147,51;0;0;0,302721088;0,465986395;100;0;0;0;5
Chain_5;Week_105;1474,8484;56,8945;100;4,571428571;2,242936137;162;311,3695;15,2582;309,9385;15,5197;81,085;4,9908;0;82,78;0;0;0,313764467;0,445326782;100;0;0;0;6
Chain_5;Week_106;329,6222;16,9164;100;7;3,910784151;162;314,435;14,608;414,6025;17,6988;63,105;3,9479;0;0;0;0;0,318181818;0,437062937;100;0;0;0;6
Chain_5;Week_107;503,5089;23,2713;100;-0,571428571;-5,147917386;162;460,9645;20,8226;201,981;10,1326;70,82;4,4059;0;0;98,22;0;0,318181818;0,437062937;100;0;0;0;7
Chain_5;Week_108;498,8681;23,5441;100;-8,428571429;-15,65506681;162;516,346;22,0823;165,013;8,5922;67,94;4,2211;0;0;103,37;0;0,318181818;0,437062937;100;0;0;0;7
Chain_5;Week_109;549,4532;25,6342;100;-6,571428571;-14,8978574;161,7142857;317,6415;14,769;191,457;9,8661;71,065;4,3659;0;0;39,01;0;0,315429923;0,423711976;100;0;0;0;7
Chain_5;Week_110;303,2777;16,3665;100;5;2,721221842;161;241,51;12,2566;209,916;10,7695;77,55;4,7282;60,73;0;0;0;0,308550186;0,390334572;100;0;0;0;7
Chain_5;Week_111;371,1907;19,5583;100;6;3,974826995;161;438,4045;20,2486;251,464;12,7037;78,615;4,8766;76,59;0;82,07;0;0,308550186;0,390334572;100;0;0;0;7
Chain_5;Week_112;366,3663;19,2428;100;8,571428571;7,46009522;161;330,652;15,9102;240,698;12,2742;81,335;5,0664;86,72;0;103,43;0;0,308550186;0,390334572;100;0;0;0;7
Chain_5;Week_113;316,6496;16,9942;100;6,142857143;3,446489586;161;390,7085;17,3135;247,4535;12,1101;77,8;4,8634;0;0;109,13;0;0,304935898;0,391364521;100;0;0;0;7
Chain_5;Week_114;371,0683;19,8896;100;8,428571429;6,551598702;161;318,592;15,5981;231,863;11,6977;87,48;5,1766;0;0;122,59;0;0,295900178;0,393939394;100;0;0;0;7
Chain_5;Week_115;345,3537;18,4898;100;11,85714286;10,56476405;161;270,493;13,4638;571,5485;23,1384;81,75;4,9734;0;0;110,81;0;0,295900178;0,393939394;100;0;0;0;7
Chain_5;Week_116;352,3004;19,0348;100;14;12,64024643;161;271,1975;13,8942;248,14;12,5435;88,205;5,3125;0;0;92,28;0;0,295900178;0,393939394;100;0;0;0;7
Chain_5;Week_117;285,2785;15,9486;100;11,85714286;11,06002082;161;336,5635;15,9146;213,859;11,1784;82,205;5,1233;0;0;134,45;0;0,295900178;0,393939394;100;0;0;0;7
